Workbook

Sheet 分类
A1: 类别 | B1: 周 | C1: 计数 | D1: 描述 | F1: 最新克隆日期：2026.7.17
A2: 涂黑I | B2: 1 | C2: ==COUNTIF(题型与规则!F4:F1035,B2) -> 31 | D2: 一种颜色连通成一个整体
A3: 涂黑II | B3: 2 | C3: ==COUNTIF(题型与规则!F5:F1036,B3) -> 34 | D3: 单个色块是某种形状，或黑白规则交替 | F3: Eric Fox的英文规则词典 | I3: 比较全的英文规则文本
A4: 放置/涂黑III | B4: 3 | C4: ==COUNTIF(题型与规则!F6:F1037,B4) -> 30 | D4: 多个黑色块间有某种关系，或放置类题型 | F4: yyao的谜题分类学 | I4: 将题型按规则相似程度分类
A5: 填写 | B5: 4 | C5: ==COUNTIF(题型与规则!F7:F1038,B5) -> 37 | D5: 填入几种符号之一 | F5: WPC unofficial wiki | I5: 记载了一些题型最初在哪里出现
A6: 分区 | B6: 5 | C6: ==COUNTIF(题型与规则!F8:F1039,B6) -> 33 | D6: 解法是描边界
A7: 回路I/路径I | B7: 6 | C7: ==COUNTIF(题型与规则!F9:F1040,B7) -> 42 | D7: 回路不经过的空格没有任何限制 | F7: puzz.link的题型列表
A8: 回路II/路径II | B8: 7 | C8: ==COUNTIF(题型与规则!F10:F1041,B8) -> 29 | D8: 回路经过所有空格，或者回路不经过的空格也有规则限制 | F8: pzprxs.vercel.app的题型列表
B9: 目前共收录 | C9: ==SUM(C2:C8) -> 236 | D9: 种纸笔谜题
B10: 规则文本共 | C10: ==SUM(题型与规则!J4:J1048576) -> 19992 | D10: 字 | F10: November的GAPP规则译文 | I10: 有些规则会在校对后录入本表
A12: 这是北京大学谜题协会【每日谜题】纸笔推荐文案模板【分类与规则】部分的一个克隆。 | H12: 本表远非详尽无遗，
A13: 本文档旨在收集并总结来源较为权威的纸笔谜题规则的【中文译文】。 | H13: 欢迎任何形式的补充、勘误、建议：
A14: 中文规则的文本来源如下： | H14: QQ 2418286836 (@COL)
B15: - World Puzzle Championship 2024的中文规则手册，经World Puzzle Federation许可使用 | H15: 欢迎加入北大谜协每日纸笔推荐组：
B16: - 笔者翻译自Eric Fox的英文规则词典 | H16: QQ 1056908122
B17: - 其他来源（特别注明） | H17: 我们在这里为题目定时，推荐纸笔题目，讨论规则文本
A18: 考虑北大谜协【每日谜题】的举办方式与受众，我们进行了如下调整：
B19: - 只收录有盘面的题型。不轻易收录无法在puzzlink上作答的题型。不收录变种(不能被puzzlink判定答案的)题型。
B20: - 调整规则叙述以适应puzzlink的作答界面。
B21: - 在类别划分上，将所有题型划分为 7 个题型数量大致相等的类别，每周在 7 种类别中循环。
B22: - 在题目的类别归属上，优先选择浅显的理解方式（例如Cave在涂黑类）。
B23: - 为了尽可能缩短长度，对规则表述有一定删减（例如删除“有一些数字可能已经填入了盘面中”）
A24: 请注意以上调整可能不完全符合所有纸笔爱好者的需求。

Sheet 题型与规则
A1: ref name | B1: pzplus | C1: Name (en) | E1: Name (zh) | F1: Day | G1: Type | I1: Rules | J1: Length | K1: Rule Source | L1: Etymology (jp en) | M1: Origin | N1: Year | O1: Ref
A2: pzplus名称 | B2: 收录? | C2: 英文名 | E2: 中文名 | F2: 周 | G2: 分类 | I2: 规则 | J2: 字数 | K2: 规则文本来源 | L2: 命名缘由（日 英） | M2: 来源 | N2: 年份 | O2: 参考资料
A3: 1 | B3: 2 | C3: 3 | D3: 4 | E3: 5 | F3: 6 | G3: 7 | I3: 9 | J3: 10 | K3: 11 | L3: 12 | M3: 13 | N3: 14 | O3: 15
A4: creek | B4: 1 | C4: Creek | D4: 溪流 | E4: ==HYPERLINK(_xlfn.CONCAT("pzplus.tck.mn/db?type=",A4,"&variant=no"),IF(D4<>0,D4,A4)) -> 溪流 | F4: 1 | G4: 涂黑I | H4: 颜色正交连通 | I4: 涂黑一些格子，使得留白的格子连通成一个整体。圆圈里的数字表示接触此顶点的涂黑格数。 | J4: ==IF(LEN(I4)>0,LEN(I4),"") -> 41 | K4: WPC2024IB | L4: / | M4: Nikoli vol. 110 | N4: 2005 | O4: PC, Nikoli
A5: disco | B5: 0.8 | C5: Disconnection | E5: ==HYPERLINK(_xlfn.CONCAT("pzplus.tck.mn/db?type=",A5,"&variant=no"),IF(D5<>0,D5,A5)) -> disco | F5: 1 | G5: 涂黑I | H5: 颜色正交连通 | I5: 在每个区域内涂黑恰好两组连通的格子，使得所有涂黑的格子连通成一个整体，且没有全部涂黑的2×2结构。 | J5: ==IF(LEN(I5)>0,LEN(I5),"") -> 49 | K5: Sigmit64 | L5: / | M5: Inaba Naoki | O5: puzzlink
A6: hitori | B6: 1 | C6: Hitori | D6: 数壹 | E6: ==HYPERLINK(_xlfn.CONCAT("pzplus.tck.mn/db?type=",A6,"&variant=no"),IF(D6<>0,D6,A6)) -> 数壹 | F6: 1 | G6: 涂黑I | H6: 颜色正交连通 | I6: 涂黑一些格子，使得涂黑的格子之间不相邻，且留白的格子连通成一个整体。任意两个同行或同列的留白格不能包含相同的数字。 | J6: ==IF(LEN(I6)>0,LEN(I6),"") -> 57 | K6: WPC2024IB | L6: ひとり(=独自) | M6: Nikoli vol. 29 | N6: 1990 | O6: PC, Nikoli
A7: lits | B7: 1 | C7: LITS | D7: 四格骨墙 | E7: ==HYPERLINK(_xlfn.CONCAT("pzplus.tck.mn/db?type=",A7,"&variant=no"),IF(D7<>0,D7,A7)) -> 四格骨墙 | F7: 1 | G7: 涂黑I | H7: 颜色正交连通 | I7: 在每个区域内涂黑一个四格骨牌，使得所有涂黑的格子连通成一个整体，且没有全部涂黑的2×2结构。不同区域中全等的四格骨牌不能相邻。 | J7: ==IF(LEN(I7)>0,LEN(I7),"") -> 63 | K7: WPC2024IB | L7: 四格骨牌象形 | M7: Nikoli | N7: 2004 | O7: PC
A8: aqre | B8: 1 | C8: Aqre | D8: 黑白无四 | E8: ==HYPERLINK(_xlfn.CONCAT("pzplus.tck.mn/db?type=",A8,"&variant=no"),IF(D8<>0,D8,A8)) -> 黑白无四 | F8: 1 | G8: 涂黑I | H8: 颜色正交连通 | I8: 涂黑一些空格，使得所有涂黑的格子连通成一个整体，且没有全部涂黑或者全部留白的1×4或4×1的结构。数字表示此区域内涂黑格的个数。 | J8: ==IF(LEN(I8)>0,LEN(I8),"") -> 64 | K8: WPC2024IB | L8: acre+字母q | M8: Eric Fox | N8: 2020 | O8: PC
A9: parquet | B9: 1 | C9: Parquet | D9: 拼花地板 | E9: ==HYPERLINK(_xlfn.CONCAT("pzplus.tck.mn/db?type=",A9,"&variant=no"),IF(D9<>0,D9,A9)) -> 拼花地板 | F9: 1 | G9: 涂黑I | H9: 颜色正交连通 | I9: 在每个粗线构成的区域内完全涂黑恰好一个被细线分隔的区域，使得所有涂黑的格子连通成一个整体。涂黑格不能形成回路（包括2×2结构）。 | J9: ==IF(LEN(I9)>0,LEN(I9),"") -> 64 | K9: dodomos | L9: /
A10: nothree | B10: 1 | C10: No Three | D10: 等隔无三 | E10: ==HYPERLINK(_xlfn.CONCAT("pzplus.tck.mn/db?type=",A10,"&variant=no"),IF(D10<>0,D10,A10)) -> 等隔无三 | F10: 1 | G10: 涂黑I | H10: 颜色正交连通 | I10: 涂黑一些格子，使得涂黑的格子之间不相邻，且留白的格子连通成一个整体。每个圆圈恰和一个涂黑格接触。同一行或同一列的三个连续黑格不能等距排列。 | J10: ==IF(LEN(I10)>0,LEN(I10),"") -> 69 | K10: COL译自Eric Fox | L10: / | M10: Nikoli vol. 158 | N10: 2017 | O10: Nikoli
A11: teri | B11: 1 | C11: Territory | D11: 矩形领土 | E11: ==HYPERLINK(_xlfn.CONCAT("pzplus.tck.mn/db?type=",A11,"&variant=no"),IF(D11<>0,D11,A11)) -> 矩形领土 | F11: 1 | G11: 涂黑I | H11: 颜色正交连通 | I11: 涂黑一些格子，使得涂黑的格子之间不相邻，且留白的格子连通成一个整体。有白圈的格子必须留白。白圈里的数字表示包含此格的最大留白长方形的面积。 | J11: ==IF(LEN(I11)>0,LEN(I11),"") -> 69 | K11: COL译自puzzlink | L11: / | M11: Inaba Naoki | N11: not in src | O11: PC
A12: heyawake | B12: 1 | C12: Heyawake | D12: 数间 | E12: ==HYPERLINK(_xlfn.CONCAT("pzplus.tck.mn/db?type=",A12,"&variant=no"),IF(D12<>0,D12,A12)) -> 数间 | F12: 1 | G12: 涂黑I | H12: 颜色正交连通 | I12: 涂黑一些格子，使得涂黑的格子之间不相邻，且留白的格子连通成一个整体。任意一横段或纵段留白格不能穿过两个以上区域边界。数字表示此区域内涂黑格的个数。 | J12: ==IF(LEN(I12)>0,LEN(I12),"") -> 73 | K12: WPC2024IB | L12: 部屋分け | M12: Nikoli vol. 39 | N12: 1992 | O12: PC, Nikoli
A13: nurikabe | B13: 1 | C13: Nurikabe | D13: 数墙 | E13: ==HYPERLINK(_xlfn.CONCAT("pzplus.tck.mn/db?type=",A13,"&variant=no"),IF(D13<>0,D13,A13)) -> 数墙 | F13: 1 | G13: 涂黑I | H13: 颜色正交连通 | I13: 涂黑一些空格，使得所有涂黑的格子连通成一个整体，且没有全部涂黑的2×2结构。每一组连通的留白格必须恰好包含一个数字。数字表示其所在的留白的连通组格数。 | J13: ==IF(LEN(I13)>0,LEN(I13),"") -> 75 | K13: WPC2024IB | L13: 塗壁 | M13: Nikoli vol. 33 | N13: 1991 | O13: PC, Nikoli
A14: akichi | B14: 1 | C14: Akichiwake | D14: 数间(空地) | E14: ==HYPERLINK(_xlfn.CONCAT("pzplus.tck.mn/db?type=",A14,"&variant=no"),IF(D14<>0,D14,A14)) -> 数间(空地) | F14: 1 | G14: 涂黑I | H14: 颜色正交连通 | I14: 涂黑一些格子，使得涂黑的格子之间不相邻，且留白的格子连通成一个整体。任意一横段或纵段留白格不能穿过两个以上区域边界。数字表示此区域内最大留白连通组的面积。 | J14: ==IF(LEN(I14)>0,LEN(I14),"") -> 77 | K14: 改自Heyawake | L14: 空き地+heyawake | M14: Prasanna Seshadri | N14: not in src | O14: PC
A15: canal | B15: 1 | C15: Canal View | D15: 峡谷 | E15: ==HYPERLINK(_xlfn.CONCAT("pzplus.tck.mn/db?type=",A15,"&variant=no"),IF(D15<>0,D15,A15)) -> 峡谷 | F15: 1 | G15: 涂黑I | H15: 颜色正交连通 | I15: 涂黑一些空格，使得所有涂黑的格子连通成一个整体，且没有全部涂黑的2×2结构。圆圈里的数字表示此格横竖能够直接连接到且不被留白格阻挡的涂黑格个数，不包括此格本身。 | J15: ==IF(LEN(I15)>0,LEN(I15),"") -> 80 | K15: WPC2024IB | L15: / | M15: Prasanna Seshadri | N15: 2014 | O15: PC
A16: sumiwake | B16: 0.8 | C16: Sumiwake | D16: 圆角房间 | E16: ==HYPERLINK(_xlfn.CONCAT("pzplus.tck.mn/db?type=",A16,"&variant=no"),IF(D16<>0,D16,A16)) -> 圆角房间 | F16: 1 | G16: 涂黑I | H16: 颜色正交连通 | I16: 涂黑一些格子，使得涂黑的格子之间不相邻，且留白的格子连通成一个整体。任意一横段或纵段留白格不能穿过两个以上区域边界。白圈恰和一个涂黑格接触，黑圈恰和两个涂黑格接触。 | J16: ==IF(LEN(I16)>0,LEN(I16),"") -> 82 | K16: COL译自puzzlink | L16: 隅+heyawake | M16: Nikoli vol. 66 | N16: 1997 | O16: Nikoli
A17: usoone | B17: 1 | C17: Uso-One | D17: 单一谎言 | E17: ==HYPERLINK(_xlfn.CONCAT("pzplus.tck.mn/db?type=",A17,"&variant=no"),IF(D17<>0,D17,A17)) -> 单一谎言 | F17: 1 | G17: 涂黑I | H17: 颜色正交连通 | I17: 涂黑一些格子，使得涂黑的格子之间不相邻，且留白的格子连通成一个整体。数字表示与之相邻的（至多）四格中涂黑格的个数。数字格不能涂黑。每个区域内都恰好有一个错误的数字。 | J17: ==IF(LEN(I17)>0,LEN(I17),"") -> 82 | K17: dodomos, 有修改 | L17: 嘘+one | M17: Nikoli vol. 151 | N17: 2015 | O17: Nikoli
A18: yajikazu | B18: 1 | C18: Yajisan-Kazusan | D18: 真假仙人 | E18: ==HYPERLINK(_xlfn.CONCAT("pzplus.tck.mn/db?type=",A18,"&variant=no"),IF(D18<>0,D18,A18)) -> 真假仙人 | F18: 1 | G18: 涂黑I | H18: 颜色正交连通 | I18: 涂黑一些格子，使得涂黑的格子之间不相邻，且留白的格子连通成一个整体。在留白格内有箭头的数字表示从此格开始在这个方向中涂黑格的个数。这些提示数在涂黑格里则不提供信息。 | J18: ==IF(LEN(I18)>0,LEN(I18),"") -> 82 | K18: WPC2024IB | L18: 缩略自 矢印さん+数さん | M18: Nikoli vol. 74 | N18: 1998 | O18: PC, Nikoli
A19: kurodoko | B19: 1 | C19: Kurodoko | D19: 田鼠挖洞 | E19: ==HYPERLINK(_xlfn.CONCAT("pzplus.tck.mn/db?type=",A19,"&variant=no"),IF(D19<>0,D19,A19)) -> 田鼠挖洞 | F19: 1 | G19: 涂黑I | H19: 颜色正交连通 | I19: 涂黑一些格子，使得涂黑的格子之间不相邻，且留白的格子连通成一个整体。白圈里的数字必须在留白格里，并表示此格横竖能够直接连接到且不被涂黑格阻挡的留白格个数，包括此格本身。 | J19: ==IF(LEN(I19)>0,LEN(I19),"") -> 84 | K19: WPC2024IB | L19: 缩略自 黒マスはどこだ | M19: Nikoli vol. 34 | N19: 1991 | O19: PC, Nikoli
A20: paintarea | B20: 1 | C20: Paintarea | D20: 涂鸦区域 | E20: ==HYPERLINK(_xlfn.CONCAT("pzplus.tck.mn/db?type=",A20,"&variant=no"),IF(D20<>0,D20,A20)) -> 涂鸦区域 | F20: 1 | G20: 涂黑I | H20: 颜色正交连通 | I20: 涂黑一些格子，使得所有涂黑的格子连通成一个整体，且没有全部涂黑或者全部留白的2×2结构。每个区域要么全部涂黑要么全部留白。数字表示与之相邻的（至多）四格中涂黑格的个数。 | J20: ==IF(LEN(I20)>0,LEN(I20),"") -> 84 | K20: dodomos | L20: paint+area | M20: Nikoli vol. 69 | N20: 1997 | O20: Nikoli
A21: nuritwin | B21: 0.8 | C21: Nuritwin | D21: 涂黑成对 | E21: ==HYPERLINK(_xlfn.CONCAT("pzplus.tck.mn/db?type=",A21,"&variant=no"),IF(D21<>0,D21,A21)) -> 涂黑成对 | F21: 1 | G21: 涂黑I | H21: 颜色正交连通 | I21: 在每个区域内涂黑恰好两组连通的格子，使得这两组格子面积相等且不相邻，且所有涂黑的格子连通成一个整体。不能有全部涂黑的2×2结构。数字表示其所在区域内一个涂黑格连通组的面积。 | J21: ==IF(LEN(I21)>0,LEN(I21),"") -> 86 | K21: Sigmit64, COL | L21: 塗り+twin | M21: Nikoli vol. 186 | N21: 2024 | O21: puzzlink
A22: aquapelago | B22: 1 | C22: Aquapelago | D22: 千岛湖 | E22: ==HYPERLINK(_xlfn.CONCAT("pzplus.tck.mn/db?type=",A22,"&variant=no"),IF(D22<>0,D22,A22)) -> 千岛湖 | F22: 1 | G22: 涂黑I | H22: 颜色正交连通 | I22: 涂黑一些格子，使得涂黑的格子之间不相邻，且留白的格子连通成一个整体。不能有全部留白的2×2结构。数字所在的格子必须涂黑。数字表示其所在的对角连通的一组涂黑格的格数，包括格子本身。 | J22: ==IF(LEN(I22)>0,LEN(I22),"") -> 89 | K22: WPC2024IB | L22: aqua+archipelago | M22: Walker Anderson | N22: 2023 | O22: PC
A23: context | B23: 1 | C23: Context | D23: 黑斜白邻 | E23: ==HYPERLINK(_xlfn.CONCAT("pzplus.tck.mn/db?type=",A23,"&variant=no"),IF(D23<>0,D23,A23)) -> 黑斜白邻 | F23: 1 | G23: 涂黑I | H23: 颜色正交连通 | I23: 涂黑一些格子，使得涂黑的格子之间不相邻，且留白的格子连通成一个整体。在留白格内的数字表示和此格相邻的涂黑格的个数。这些提示数在涂黑格里则表示和此格接触（但不相邻）的涂黑格的个数。 | J23: ==IF(LEN(I23)>0,LEN(I23),"") -> 89 | K23: WPC2024IB, 有删改 | L23: / | M23: RSP | N23: 2022 | O23: PC
A24: cave | B24: 1 | C24: Cave | D24: 山洞 | E24: ==HYPERLINK(_xlfn.CONCAT("pzplus.tck.mn/db?type=",A24,"&variant=no"),IF(D24<>0,D24,A24)) -> 山洞 | F24: 1 | G24: 涂黑I | H24: 颜色正交连通 | I24: 涂黑一些格子，使得所有涂黑的格子都能沿涂黑格横竖连通到盘面边界，且留白的格子连通成一个整体。数字必须在留白格里，并表示此格横竖能够直接连接到且不被涂黑格阻挡的留白格个数，包括此格本身。 | J24: ==IF(LEN(I24)>0,LEN(I24),"") -> 92 | K24: 改自Kurodoko | L24: / | M24: Nikoli vol. 60 | N24: 1996 | O24: PC, Nikoli
A25: guidearrow | B25: 1 | C25: Guide Arrow | D25: 指引箭头 | E25: ==HYPERLINK(_xlfn.CONCAT("pzplus.tck.mn/db?type=",A25,"&variant=no"),IF(D25<>0,D25,A25)) -> 指引箭头 | F25: 1 | G25: 涂黑I | H25: 颜色正交连通 | I25: 涂黑一些格子，使得涂黑的格子之间不相邻，且留白的格子连通成一个整体。留白格不能形成回路（包括2×2结构）。箭头表示从此格出发，在不经过涂黑格也不倒退的情况下，能够走到星星的路径的唯一方向。 | J25: ==IF(LEN(I25)>0,LEN(I25),"") -> 94 | K25: COL译自Eric Fox | L25: / | M25: Inaba Naoki | N25: 2004 | O25: PC
A26: ayeheya | B26: 1 | C26: Ayeheya | D26: 对称数间 | E26: ==HYPERLINK(_xlfn.CONCAT("pzplus.tck.mn/db?type=",A26,"&variant=no"),IF(D26<>0,D26,A26)) -> 对称数间 | F26: 1 | G26: 涂黑I | H26: 颜色正交连通 | I26: 涂黑一些格子，使得涂黑的格子之间不相邻，且留白的格子连通成一个整体。任意一横段或纵段留白格不能穿过两个以上区域边界。数字表示此区域内涂黑格的个数。所有区域的涂黑情况必须满足180°旋转对称。 | J26: ==IF(LEN(I26)>0,LEN(I26),"") -> 95 | K26: 见Heyawake, 增加一句 | L26: Heyawake写作回文
A27: oasis | B27: 0.8 | C27: Oasis | D27: 绿洲 | E27: ==HYPERLINK(_xlfn.CONCAT("pzplus.tck.mn/db?type=",A27,"&variant=no"),IF(D27<>0,D27,A27)) -> 绿洲 | F27: 1 | G27: 涂黑I | H27: 颜色正交连通 | I27: 涂黑一些格子，使得涂黑的格子之间不相邻，且留白的格子连通成一个整体。不能有全部留白的2×2结构。有白圈的格子必须留白。白圈里的数字表示从此格出发，在只经过空白格的情况下，可以走到的白圈个数。 | J27: ==IF(LEN(I27)>0,LEN(I27),"") -> 95 | K27: November, 有修改 | L27: / | M27: Matej Uher | N27: 2016 | O27: PC
A28: nurimisaki | B28: 1 | C28: Nurimisaki | D28: 数岬 | E28: ==HYPERLINK(_xlfn.CONCAT("pzplus.tck.mn/db?type=",A28,"&variant=no"),IF(D28<>0,D28,A28)) -> 数岬 | F28: 1 | G28: 涂黑I | H28: 颜色正交连通 | I28: 涂黑一些空格，使得所有留白的格子连通成一个整体，且没有全部涂黑或者全部留白的2×2结构。圆圈标记了所有恰好只和另一个留白格相邻的留白格。圆圈里的数字表示此格横竖能够直接连接到且不被涂黑格阻挡的留白格个数，包括此格本身。 | J28: ==IF(LEN(I28)>0,LEN(I28),"") -> 109 | K28: WPC2024IB | L28: 塗り+岬 | M28: Nikoli vol. 163 | N28: 2018 | O28: PC, janko
A29: sashikabe | B29: 0.8 | C29: Sashikabe | D29: 曲尺数墙 | E29: ==HYPERLINK(_xlfn.CONCAT("pzplus.tck.mn/db?type=",A29,"&variant=no"),IF(D29<>0,D29,A29)) -> 曲尺数墙 | F29: 1 | G29: 涂黑I | H29: 颜色正交连通 | I29: 涂黑一些空格，使得所有涂黑的格子连通成一个整体，且没有全部涂黑的2×2结构。每一组连通的留白格必须是宽度为一的L形区域。圆圈必须在L形留白区域内转弯的位置，而箭头则必须在留白区域的一端，指向转弯的位置。圆圈里的数字表示其所在留白区域的面积。 | J29: ==IF(LEN(I29)>0,LEN(I29),"") -> 120 | K29: 改自Nurikabe+Sashigane | L29: sashigane+nurikabe | M29: Grant Fikes | N29: not in src | O29: PC
A30: oneroom | B30: 1 | C30: One Room One Door | D30: 单房门 | E30: ==HYPERLINK(_xlfn.CONCAT("pzplus.tck.mn/db?type=",A30,"&variant=no"),IF(D30<>0,D30,A30)) -> 单房门 | F30: 1 | G30: 涂黑I | H30: 颜色正交连通 | I30: 涂黑一些格子，使得涂黑的格子之间不相邻，且留白的格子连通成一个整体。每个区域中的留白格也需要连通成一个整体。数字表示此区域内涂黑格的个数。对于任意两个相邻的区域，不能有超过一对相邻留白格穿过它们相邻的边界。（也就是说，每两个“房间”至多有一扇“门”沟通）。 | J30: ==IF(LEN(I30)>0,LEN(I30),"") -> 128 | K30: COL译自Eric Fox | L30: / | M30: Nikoli vol. 169 | N30: 2019 | O30: puzzlink
A31: cts | B31: 1 | C31: Cross the Streams | D31: 过河 | E31: ==HYPERLINK(_xlfn.CONCAT("pzplus.tck.mn/db?type=",A31,"&variant=no"),IF(D31<>0,D31,A31)) -> 过河 | F31: 1 | G31: 涂黑I | H31: 颜色正交连通 | I31: 涂黑一些空格，使得所有涂黑的格子连通成一个整体，且没有全部涂黑的2×2结构。盘面外的数字依次表示此行或此列中每一段连续涂黑格的长度。问号可以表示任何单个提示数，而星号可以表示任何个连续的提示数（包括0个）。作为特例，一个单独的“0”表示此行或此列没有涂黑格。 | J31: ==IF(LEN(I31)>0,LEN(I31),"") -> 129 | K31: WPC2024IB | L31: / | M31: Grant Fikes | N31: 2010 | O31: PC
A32: coral | B32: 1 | C32: Coral | D32: 珊瑚 | E32: ==HYPERLINK(_xlfn.CONCAT("pzplus.tck.mn/db?type=",A32,"&variant=no"),IF(D32<>0,D32,A32)) -> 珊瑚 | F32: 1 | G32: 涂黑I | H32: 颜色正交连通 | I32: 涂黑一些格子，使得所有涂黑的格子连通成一个整体，且留白的格子连通到边界。涂黑的格子不能形成2×2的区域。盘面外的数字（如果有）表示此行或此列中每一段连续涂黑格的长度，数字之间无顺序要求。问号可以表示任何单个提示数。作为特例，一个单独的“0”表示此行或此列没有涂黑格。 | J32: ==IF(LEN(I32)>0,LEN(I32),"") -> 133 | K32: 怎苏昂 | L32: / | M32: Zoltán Horváth | N32: 2001 | O32: PC
A33: tapa | B33: 1 | C33: Tapa | D33: 土派回路 | E33: ==HYPERLINK(_xlfn.CONCAT("pzplus.tck.mn/db?type=",A33,"&variant=no"),IF(D33<>0,D33,A33)) -> 土派艺术 | F33: 1 | G33: 涂黑I | H33: 颜色正交连通 | I33: 涂黑一些空格，使得所有涂黑的格子连通成一个整体，且没有全部涂黑的2×2结构。格内一个或多个数字表示和此格接触的（至多）八格中所有连续涂黑格段的长度，但不限定顺序。作为特例，一个单独的“0”表示没有和此格接触的涂黑格，而一个单独的问号（格内没有其他问号或数字）也可以代表“0”。 | J33: ==IF(LEN(I33)>0,LEN(I33),"") -> 138 | K33: WPC2024IB | L33: Turkish Art Paint | M33: Serkan Yürekli | N33: 2007 | O33: PC
A34: nurimaze | B34: 1 | C34: Nurimaze | D34: 迷宫地图 | E34: ==HYPERLINK(_xlfn.CONCAT("pzplus.tck.mn/db?type=",A34,"&variant=no"),IF(D34<>0,D34,A34)) -> 迷宫地图 | F34: 1 | G34: 涂黑I | H34: 颜色正交连通 | I34: 把一些空格涂黑，使得没有全部涂黑或者全部留白的2×2结构，而且每个区域要么全部涂黑要么全部留白。所有留白格必须连通成一个整体且不成环。（也就是说，在任意两个留白格之间必须有唯一一条通过相邻留白格连接两者且不重复通过同一格的路径。）圆圈表示此格在S格到G格之间的唯一路径上，而三角形表示此格不在这条唯一路径上。 | J34: ==IF(LEN(I34)>0,LEN(I34),"") -> 154 | K34: WPC2024IB | L34: 塗り+maze | M34: Nikoli vol. 145 | N34: 2013 | O34: Nikoli
A35: norinori | B35: 1 | C35: Norinori | D35: 海苔 | E35: ==HYPERLINK(_xlfn.CONCAT("pzplus.tck.mn/db?type=",A35,"&variant=no"),IF(D35<>0,D35,A35)) -> 海苔 | F35: 2 | G35: 涂黑II | H35: 色块是海苔 | I35: 在每个区域内涂黑恰好两格，使得每一组涂黑的连通组恰好有两格。 | J35: ==IF(LEN(I35)>0,LEN(I35),"") -> 30 | K35: WPC2024IB | L35: ノリ(=海苔) | M35: Nikoli vol. 124 | N35: 2008 | O35: PC, Nikoli
A36: chocona | B36: 1 | C36: Chocona | D36: 巧克力 | E36: ==HYPERLINK(_xlfn.CONCAT("pzplus.tck.mn/db?type=",A36,"&variant=no"),IF(D36<>0,D36,A36)) -> 巧克力 | F36: 2 | G36: 涂黑II | H36: 色块是矩形 | I36: 涂黑一些格子，使得每组相连的涂黑格形状为长方形。数字表示该区域中涂黑的单元格数。 | J36: ==IF(LEN(I36)>0,LEN(I36),"") -> 40 | K36: COL译自puzzlink | L36: 缩略自 チョコに国境なし(choco无国界) | M36: Nikoli vol. 122 | N36: 2008 | O36: PC, Nikoli
A37: box | B37: 1 | C37: Box/Kakurasu | D37: 方阵和 | E37: ==HYPERLINK(_xlfn.CONCAT("pzplus.tck.mn/db?type=",A37,"&variant=no"),IF(D37<>0,D37,A37)) -> 方阵和 | F37: 2 | G37: 涂黑II | H37: 见Aquarium | I37: 涂黑一些空格，使得盘面外的数字等于此行或此列中涂黑格所在列号或行号（盘面外圆圈内的数字）的和。 | J37: ==IF(LEN(I37)>0,LEN(I37),"") -> 47 | K37: dodomos | L37: / | M37: Nikoli vol. 24 = 1988 | N37: 1989 | O37: PC, Nikoli
A38: tilepaint | B38: 1 | C38: Tilepaint | D38: 数瓦 | E38: ==HYPERLINK(_xlfn.CONCAT("pzplus.tck.mn/db?type=",A38,"&variant=no"),IF(D38<>0,D38,A38)) -> 数瓦 | F38: 2 | G38: 涂黑II | H38: 见Aquarium | I38: 涂黑一些空格，使得每个区域要么全部涂黑要么全部留白。盘面外的数字表示此行或此列内涂黑格的个数。 | J38: ==IF(LEN(I38)>0,LEN(I38),"") -> 47 | K38: dodomos | L38: tile+paint | M38: Nikoli vol. 53 | N38: 1995 | O38: PC, Nikoli
A39: cbanana | B39: 1 | C39: Choco Banana | D39: 巧克力香蕉 | E39: ==HYPERLINK(_xlfn.CONCAT("pzplus.tck.mn/db?type=",A39,"&variant=no"),IF(D39<>0,D39,A39)) -> 巧克力香蕉 | F39: 2 | G39: 涂黑II | H39: 黑白规则交替 | I39: 涂黑一些格子，使得每个涂黑的连通组都是长方形，而每个留白的连通组都不是长方形。数字表示其所在的涂黑或留白的连通组的面积。 | J39: ==IF(LEN(I39)>0,LEN(I39),"") -> 60 | K39: WPC2024IB | L39: / | M39: Nikoli
A40: bosnianroad | B40: 0.8 | C40: Bosnian Road | D40: 波斯尼亚路 | E40: ==HYPERLINK(_xlfn.CONCAT("pzplus.tck.mn/db?type=",A40,"&variant=no"),IF(D40<>0,D40,A40)) -> 波斯尼亚路 | F40: 2 | G40: 涂黑II | H40: 色块是一条路 | I40: 涂黑一些空格，使得所有涂黑的格子连通成一个不和自身接触的环。数字格不能涂黑。数字表示与此格接触的（至多）八格中的涂黑格个数。 | J40: ==IF(LEN(I40)>0,LEN(I40),"") -> 62 | K40: November, 有修改 | L40: / | M40: Dragan Tolomanoski | N40: not in src | O40: PC
A41: hinge | B41: 1 | C41: Hinge | D41: 合页 | E41: ==HYPERLINK(_xlfn.CONCAT("pzplus.tck.mn/db?type=",A41,"&variant=no"),IF(D41<>0,D41,A41)) -> 合页 | F41: 2 | G41: 涂黑II | H41: 黑块被对称切 | I41: 涂黑一些格子，使得每一组连通的涂黑格恰好跨过一条连续的区域边界，并被其分隔为沿该区域边界对称的两部分。数字表示此区域内涂黑格的个数。 | J41: ==IF(LEN(I41)>0,LEN(I41),"") -> 66 | K41: dodomos | L41: / | M41: Nikoli vol. 159 | N41: 2017 | O41: Nikoli
A42: snakeegg | B42: 1 | C42: Snake Egg | D42: 蛇蛋 | E42: ==HYPERLINK(_xlfn.CONCAT("pzplus.tck.mn/db?type=",A42,"&variant=no"),IF(D42<>0,D42,A42)) -> 蛇蛋 | F42: 2 | G42: 涂黑II | H42: 色块是一条蛇 | I42: 涂黑一条宽度为一的蛇，使得每一组留白的连通组格数与盘面外给出的数一一对应。黑圈表示此格是蛇的一端。数字表示其所在的留白的连通组格数。 | J42: ==IF(LEN(I42)>0,LEN(I42),"") -> 66 | K42: dodomos, 有修改 | L42: /
A43: yinyang | B43: 1 | C43: Yin-Yang | D43: 阴阳 | E43: ==HYPERLINK(_xlfn.CONCAT("pzplus.tck.mn/db?type=",A43,"&variant=no"),IF(D43<>0,D43,A43)) -> 阴阳 | F43: 2 | G43: 涂黑II | H43: 黑白规则交替 | I43: 在盘面内每个格子放入一个黑色圆圈或者白色圆圈，使得黑色圆圈和白色圆圈分别横竖连通为一个整体。黑色圆圈和白色圆圈均不形成2×2的区域。 | J43: ==IF(LEN(I43)>0,LEN(I43),"") -> 66 | K43: 怎苏昂 | L43: / | M43: Minano Sakai | N43: 1993 | O43: PC
A44: shakashaka | B44: 1 | C44: Shakashaka | D44: 摇啊摇 | E44: ==HYPERLINK(_xlfn.CONCAT("pzplus.tck.mn/db?type=",A44,"&variant=no"),IF(D44<>0,D44,A44)) -> 摇啊摇 | F44: 2 | G44: 涂黑II | H44: 色块是矩形 | I44: 涂黑一些空格的一半（一个等腰直角三角形），使得所有留白的区域都是横平竖直或者对角方向的长方形。黑格里的数字表示与此格相邻的涂黑一半的空格数。 | J44: ==IF(LEN(I44)>0,LEN(I44),"") -> 70 | K44: WPC2024IB | L44: シャカシャカ (拟声词, 沙沙声) | M44: Nikoli vol. 123 | N44: 2008 | O44: PC, Nikoli
A45: dominion | B45: 1 | C45: Dominion | D45: 多米诺分区 | E45: ==HYPERLINK(_xlfn.CONCAT("pzplus.tck.mn/db?type=",A45,"&variant=no"),IF(D45<>0,D45,A45)) -> 多米诺分区 | F45: 2 | G45: 涂黑II | H45: 色块是多米诺 | I45: 涂黑一些1×2的长方形，将盘面分为若干个留白的区域。涂黑的长方形不能相邻。字母格不能涂黑。每个区域有且仅有一种字母，相同的字母都在同一个区域。 | J45: ==IF(LEN(I45)>0,LEN(I45),"") -> 71 | K45: COL译自Eric Fox | L45: / | M45: Inaba Naoki | N45: 2010 | O45: PC
A46: snake | B46: 1 | C46: Snake | D46: 数蛇 | E46: ==HYPERLINK(_xlfn.CONCAT("pzplus.tck.mn/db?type=",A46,"&variant=no"),IF(D46<>0,D46,A46)) -> 数蛇 | F46: 2 | G46: 涂黑II | H46: 色块是一条蛇 | I46: 涂黑一条宽度为一且不和自身接触的蛇。黑圈表示此格是蛇的一端，白圈表示此格是蛇身的一部分（但不是一端）。盘面外的数字表示此行或此列内涂黑格的个数。 | J46: ==IF(LEN(I46)>0,LEN(I46),"") -> 72 | K46: WPC2024IB | L46: / | M46: Léon Balmaekers~ | N46: 1990~ | O46: WPCwiki
A47: circlesquare | B47: 1 | C47: Circles and Squares | D47: 方圆 | E47: ==HYPERLINK(_xlfn.CONCAT("pzplus.tck.mn/db?type=",A47,"&variant=no"),IF(D47<>0,D47,A47)) -> 方圆 | F47: 2 | G47: 涂黑II | H47: 色块是方形 | I47: 涂黑一些空格，使得所有涂黑的格子连通成一个整体，且没有全部涂黑的2×2结构。有黑圈的格子必须涂黑，有白圈的格子必须留白。每一组留白的连通组都是正方形。 | J47: ==IF(LEN(I47)>0,LEN(I47),"") -> 75 | K47: COL译自puzzlink | L47: / | M47: Anonymus25 | N47: 2022 | O47: PC
A48: tetrochain | B48: 1 | C48: Tetro Chain-Y | D48: 四格骨牌链(指) | E48: ==HYPERLINK(_xlfn.CONCAT("pzplus.tck.mn/db?type=",A48,"&variant=no"),IF(D48<>0,D48,A48)) -> 四格骨牌链(指) | F48: 2 | G48: 涂黑II | H48: 色块是4mino | I48: 涂黑一些格子，使得每个涂黑的连通组均为四格骨牌。所有四格骨牌对角连通，任意两个对角相邻的四格骨牌不能全等。数字格不能涂黑。数字表示相应方向上的黑格个数。 | J48: ==IF(LEN(I48)>0,LEN(I48),"") -> 76 | K48: 怎苏昂 | L48: tetromino+chain+Y(ajilin) | M48: Nikoli vol. 181 | O48: puzzlink
A49: go | B49: 0 | C49: Go | D49: 围棋 | E49: ==HYPERLINK(_xlfn.CONCAT("pzplus.tck.mn/db?type=",A49,"&variant=no"),IF(D49<>0,D49,A49)) -> 围棋 | F49: 2 | G49: 涂黑II | H49: 黑白规则交替 | I49: 涂黑一些格子，使得有黑圈的格子都涂黑，有白圈的格子都留白。圆圈里的数字表示与其所在的涂黑或留白的连通组相邻且颜色相反的总格数（也就是这一片“棋子”的“气”的数量）。 | J49: ==IF(LEN(I49)>0,LEN(I49),"") -> 82 | K49: WPC2024IB | L49: /
A50: norinuri | B50: 1 | C50: Norinuri | D50: 海苔墙 | E50: ==HYPERLINK(_xlfn.CONCAT("pzplus.tck.mn/db?type=",A50,"&variant=no"),IF(D50<>0,D50,A50)) -> 海苔墙 | F50: 2 | G50: 涂黑II | H50: 色块是海苔 | I50: 涂黑一些1×2的长方形，将盘面分为若干个留白的区域。涂黑的长方形不能相邻。数字格不能涂黑。每一组连通的留白格必须恰好包含一个数字。数字表示其所在的留白的连通组格数。 | J50: ==IF(LEN(I50)>0,LEN(I50),"") -> 82 | K50: Dominion+Nurikabe | L50: 海苔+塗り, 别名Norikabe = 海苔+塗壁(即Nurikabe) | M50: Nikoli vol. 66 | N50: 1997 | O50: Nikoli
A51: diamond | B51: 1 | C51: Diamond Chain | D51: 钻石链 | E51: ==HYPERLINK(_xlfn.CONCAT("pzplus.tck.mn/db?type=",A51,"&variant=no"),IF(D51<>0,D51,A51)) -> 钻石链 | F51: 2 | G51: 涂黑II | H51: 色块是钻石 | I51: 涂黑一些2×2的菱形（斜正方形），使得所有菱形与已经给出的黑格一起对角连通成一个整体。菱形不能与黑格或其他菱形重叠或有公共边。黑格中的数字表示有多少个菱形与此格共顶点。 | J51: ==IF(LEN(I51)>0,LEN(I51),"") -> 84 | K51: COL译自puzzlink | L51: /
A52: wittgen | B52: 1 | C52: Wittgenstein Briquet | D52: 三格长桌 | E52: ==HYPERLINK(_xlfn.CONCAT("pzplus.tck.mn/db?type=",A52,"&variant=no"),IF(D52<>0,D52,A52)) -> 三格长桌 | F52: 2 | G52: 涂黑II | H52: 色块是桌子 | I52: 在盘面内放置一些互不重叠的1×3的长方形（表示桌子）。桌子不能覆盖数字格。数字表示与之相邻的（至多）四格中被桌子覆盖的格子的个数。所有不被桌子覆盖的格子需要连通成一个整体。 | J52: ==IF(LEN(I52)>0,LEN(I52),"") -> 86 | K52: COL译自Eric Fox | L52: Wittgenstein+Briquet(命名者的一题型); 日文原名Desk Place
A53: nuribou | B53: 1 | C53: Nuribou | D53: 数壁 | E53: ==HYPERLINK(_xlfn.CONCAT("pzplus.tck.mn/db?type=",A53,"&variant=no"),IF(D53<>0,D53,A53)) -> 数壁 | F53: 2 | G53: 涂黑II | H53: 黑白规则交替 | I53: 涂黑一些空格，使得每一组连通的留白格恰好包含一个数字。每一组连通的涂黑格必须是一个长或宽为一的长方形，而且互相接触的两组涂黑格面积不能相同。数字表示其所在的留白的连通组格数。 | J53: ==IF(LEN(I53)>0,LEN(I53),"") -> 87 | K53: WPC2024IB | L53: 塗り+棒 | M53: Nikoli vol. 68 | N53: 1997 | O53: PC, Nikoli
A54: isowatari | B54: 0.8 | C54: Isowatari | D54: 渡池石块 | E54: ==HYPERLINK(_xlfn.CONCAT("pzplus.tck.mn/db?type=",A54,"&variant=no"),IF(D54<>0,D54,A54)) -> 渡池石块 | F54: 2 | G54: 涂黑II | H54: 色块是nmino | I54: 涂黑一些格子，使得每个涂黑的连通组均为N格骨牌（其中N是盘面右上角给定的数），且留白的格子连通成一个整体。有黑圈的格子必须涂黑，有白圈的格子必须留白。不能有全部留白的2×2结构。 | J54: ==IF(LEN(I54)>0,LEN(I54),"") -> 89 | K54: COL译自Eric Fox | L54: 磯渡り | M54: Jeffrey Bardon (IHNN) | N54: 2023 | O54: PC
A55: lightshadow | B55: 1 | C55: Light and Shadow | D55: 黑白分明 | E55: ==HYPERLINK(_xlfn.CONCAT("pzplus.tck.mn/db?type=",A55,"&variant=no"),IF(D55<>0,D55,A55)) -> 黑白分明 | F55: 2 | G55: 涂黑II | H55: 黑白规则交替 | I55: 涂黑或涂白所有格子，使得每一组连通的涂黑格中恰有一个黑数字（且没有白数字），而每一组连通的涂白格中恰有一个白数字（且没有黑数字）。圆圈里的数字表示其所在的涂黑或涂白的连通组的面积。 | J55: ==IF(LEN(I55)>0,LEN(I55),"") -> 90 | K55: WPC2024IB, 有删改 | L55: /
A56: mochikoro | B56: 1 | C56: Mochikoro | D56: 藕断丝连 | E56: ==HYPERLINK(_xlfn.CONCAT("pzplus.tck.mn/db?type=",A56,"&variant=no"),IF(D56<>0,D56,A56)) -> 藕断丝连 | F56: 2 | G56: 涂黑II | H56: 色块是矩形 | I56: 涂黑一些空格，使得没有全部涂黑的2×2结构。所有留白格必须对角连通成一个整体，且每一组连通的留白格必须是一个长方形。每一组连通的留白格至多包含一个数字。数字表示其所在的留白的连通组格数。 | J56: ==IF(LEN(I56)>0,LEN(I56),"") -> 93 | K56: dodomos | L56: 缩略自 もちコロニー(mochi colony) | M56: Nikoli vol. 100 | N56: 2002 | O56: PC, Nikoli
A57: cornerch | B57: 0.8 | C57: Corner Chain | E57: ==HYPERLINK(_xlfn.CONCAT("pzplus.tck.mn/db?type=",A57,"&variant=no"),IF(D57<>0,D57,A57)) -> cornerch | F57: 2 | G57: 涂黑II | H57: 见cbanana | I57: 涂黑一些空格，使得所有留白格对角连通成一个整体。数字格不能涂黑。数字表示其所在的留白的连通组的面积。如果一个留白的连通组面积为偶数，则它必须是长方形；如果它的面积为奇数，则它不能是长方形。 | J57: ==IF(LEN(I57)>0,LEN(I57),"") -> 94 | K57: November, COL | L57: / | M57: Nikoli vol. 191 | N57: 2025 | O57: puzzlink
A58: tasquare | B58: 1 | C58: Tasquare | D58: 正方放置 | E58: ==HYPERLINK(_xlfn.CONCAT("pzplus.tck.mn/db?type=",A58,"&variant=no"),IF(D58<>0,D58,A58)) -> 正方放置 | F58: 2 | G58: 涂黑II | H58: 色块是方形 | I58: 涂黑一些格子，使得每一组涂黑的连通组都是正方形，且留白的格子连通成一个整体。有白色正方形的格子必须留白，且需要和至少一个涂黑正方形相邻。白色正方形里的数字表示与之相邻的所有涂黑正方形的面积之和。 | J58: ==IF(LEN(I58)>0,LEN(I58),"") -> 97 | K58: COL译自Eric Fox | L58: たす(=加)+スクエア(square) | M58: Nikoli vol. 123 | N58: 2008 | O58: PC, Nikoli
A59: antmill | B59: 1 | C59: Ant Mill | D59: 蚂蚁怪圈 | E59: ==HYPERLINK(_xlfn.CONCAT("pzplus.tck.mn/db?type=",A59,"&variant=no"),IF(D59<>0,D59,A59)) -> 蚂蚁怪圈 | F59: 2 | G59: 涂黑II | H59: 色块是蚂蚁 | I59: 涂黑一些1×2的长方形，每个涂黑的长方形必须和恰好另外两个涂黑的长方形接触，而且所有长方形必须对角连通成一个整体（形成一个环）。被□覆盖的两个格子要么都涂黑，要么都不涂黑。被×覆盖的两个格子必须一个涂黑，另一个不涂黑。 | J59: ==IF(LEN(I59)>0,LEN(I59),"") -> 109 | K59: COL译自Eric Fox | L59: / | M59: Eric Fox | N59: 2022 | O59: PC
A60: mochinyoro | B60: 1 | C60: Mochinyoro | D60: 藕断丝弯 | E60: ==HYPERLINK(_xlfn.CONCAT("pzplus.tck.mn/db?type=",A60,"&variant=no"),IF(D60<>0,D60,A60)) -> 藕断丝弯 | F60: 2 | G60: 涂黑II | H60: 见Mochikoro | I60: 涂黑一些空格，使得没有全部涂黑的2×2结构。所有留白格必须对角连通成一个整体，且每一组连通的留白格必须是一个长方形。每一组连通的留白格至多包含一个数字。数字表示其所在的留白的连通组格数。任意一组连通的涂黑格都不能是长方形。 | J60: ==IF(LEN(I60)>0,LEN(I60),"") -> 111 | K60: 改自Mochikoro | L60: もちコロ(见Mochikoro)+にょろにょろ(拟声词, 蠕动)
A61: binairo | B61: 0 | C61: Binairo | D61: 横竖无三 | E61: ==HYPERLINK(_xlfn.CONCAT("pzplus.tck.mn/db?type=",A61,"&variant=no"),IF(D61<>0,D61,A61)) -> 横竖无三 | F61: 2 | G61: 涂黑II | H61: 黑白规则交替 | I61: 涂黑一些空格，使得没有全部涂黑或者全部留白的1×3或3×1的结构。每行和每列中必须恰有一半的格子涂黑。任意两行（从左到右）的涂黑情况必须不同，任意两列（从上到下）的涂黑情况也必须不同。有黑圈的格子必须涂黑，有白圈的格子必须留白。 | J61: ==IF(LEN(I61)>0,LEN(I61),"") -> 114 | K61: WPC2024IB | L61: (French) binaire = binary
A62: scrin | B62: 1 | C62: Scrin | D62: 方形回路 | E62: ==HYPERLINK(_xlfn.CONCAT("pzplus.tck.mn/db?type=",A62,"&variant=no"),IF(D62<>0,D62,A62)) -> 方形回路 | F62: 2 | G62: 涂黑II | H62: 色块是矩形 | I62: 给一些格子涂色，使得每一组涂色的连通组都是长方形且至多包含一个圆圈。所有圆圈必须在涂色格内。每个涂色的长方形必须和恰好另外两个涂色的长方形接触，而且所有长方形必须对角连通成一个整体（形成一个环）。圈内的数字表示其所在的长方形的面积。 | J62: ==IF(LEN(I62)>0,LEN(I62),"") -> 116 | K62: WPC2024IB, 有修改 | L62: 缩略自 スクエア(square)+リング(ring)? | M62: Nikoli
A63: tetrochaink | B63: 0.8 | C63: Tetro Chain-K | D63: 四格骨牌链(暗) | E63: ==HYPERLINK(_xlfn.CONCAT("pzplus.tck.mn/db?type=",A63,"&variant=no"),IF(D63<>0,D63,A63)) -> 四格骨牌链(暗) | F63: 2 | G63: 涂黑II | H63: 色块是4mino | I63: 涂黑一些格子，使得每个涂黑的连通组均为四格骨牌。所有四格骨牌对角连通，任意两个对角相邻的四格骨牌不能全等。盘面内的点提示了其所接触的（至多）四格中涂黑格和留白格哪种更多：白色表示留白格更多，黑色表示涂黑格更多，灰色表示涂黑格和留白格一样多。 | J63: ==IF(LEN(I63)>0,LEN(I63),"") -> 120 | K63: 改自Tetro Chain-Y | L63: tetromino+chain+K(urarin) | M63: Nikoli vol. 192 | N63: 2025 | O63: puzzlink
A64: lookair | B64: 1 | C64: Look-Air | D64: 观云 | E64: ==HYPERLINK(_xlfn.CONCAT("pzplus.tck.mn/db?type=",A64,"&variant=no"),IF(D64<>0,D64,A64)) -> 观云 | F64: 2 | G64: 涂黑II | H64: 色块是方形 | I64: 涂黑一些格子，使得每一组涂黑的连通组都是正方形。在每行和每列内，任意两个仅由（至少一个）留白格分隔的涂黑格不能在两个全等的正方形里（也就是说任意两个全等的正方形都不能在对方的“视线”内）。数字表示此格以及与其相邻的（至多）四格中涂黑格的个数。 | J64: ==IF(LEN(I64)>0,LEN(I64),"") -> 121 | K64: WPC2024IB | L64: 讹变自 るっくえあ < 缩略自 ルック(look)+スクエア(square)? | M64: Nikoli vol. 136 | N64: 2011 | O64: Nikoli
A65: clouds | B65: 0 | C65: Clouds | D65: 云团 | E65: ==HYPERLINK(_xlfn.CONCAT("pzplus.tck.mn/db?type=",A65,"&variant=no"),IF(D65<>0,D65,A65)) -> 云团 | F65: 2 | G65: 涂黑II | H65: 色块是矩形 | I65: 涂黑一些格子，使得每组连通的黑格都是一个长和宽都至少为二的长方形（代表一个云团）。云团之间不能接触。盘面外的数字表示此行或此列内涂黑格的个数。一些格内的内容可能已经给出：带圆角的黑块表示必须是云团的一角，不带圆角的黑块表示是云团的一部分但不是一角，×表示必须留白。 | J65: ==IF(LEN(I65)>0,LEN(I65),"") -> 132 | K65: WPC2024IB | L65: / | M65: WPC | N65: 1996 | O65: PC
A66: aquarium | B66: 1 | C66: Aquarium | D66: 水族馆 | E66: ==HYPERLINK(_xlfn.CONCAT("pzplus.tck.mn/db?type=",A66,"&variant=no"),IF(D66<>0,D66,A66)) -> 水族馆 | F66: 2 | G66: 涂黑II | H66: 色块是水体 | I66: 涂黑一些格子（代表水），使得每个区域内的水体都处于稳定状态。准确来说，在中间没有粗格线的情况下，留白的格子和涂黑的格子只能纵向相邻且留白格在上（两格之间横向的边界称为“水面”），而区域内每一组涂黑的连通组的水面必须在同一高度。盘面外的数字表示此行或此列内涂黑格的个数。 | J66: ==IF(LEN(I66)>0,LEN(I66),"") -> 134 | K66: WPC2024IB | L66: / | M66: Inaba Naoki | N66: 2004 | O66: PC
A67: shugaku | B67: 1 | C67: School Trip | D67: 修学旅行 | E67: ==HYPERLINK(_xlfn.CONCAT("pzplus.tck.mn/db?type=",A67,"&variant=no"),IF(D67<>0,D67,A67)) -> 修学旅行 | F67: 2 | G67: 涂黑II | I67: 在盘面里放置一些互不重叠的1×2的长方形（表示床，其中一个格子表示枕头），并将剩下的格子涂黑，使得所有涂黑格连通成一个整体，且没有全部涂黑的2×2结构。每张床必须与至少一个涂黑格相邻。数字表示与之相邻的（至多）四格中的枕头个数。一个竖着放置的床的枕头不能放在上半部分（也就是说，不存在床头朝北的床）。 | J67: ==IF(LEN(I67)>0,LEN(I67),"") -> 150 | K67: November, COL | L67: 缩略自 修学旅行の夜 | M67: Nikoli vol. 119 | N67: 2007 | O67: PC, Nikoli
A68: sansaroad | B68: 0.8 | C68: Sansa Road | D68: 三叉路口 | E68: ==HYPERLINK(_xlfn.CONCAT("pzplus.tck.mn/db?type=",A68,"&variant=no"),IF(D68<>0,D68,A68)) -> 三叉路口 | F68: 2 | G68: 涂黑II | H68: 色块是一条路 | I68: 涂黑一些空格，使得所有留白的格子连通成一个整体，且没有全部留白的2×2结构。盘面内的点提示了其所接触的（至多）四格中涂黑格和留白格哪种更多：白色表示留白格更多，黑色表示涂黑格更多，灰色表示涂黑格和留白格一样多。有白色三角形的格子（代表三叉路口）必须留白，且需要恰和三个留白格相邻。其余的留白格都必须恰和两个留白格相邻。 | J68: ==IF(LEN(I68)>0,LEN(I68),"") -> 159 | K68: COL | L68: 三叉+road | M68: Nikoli | N68: 2024 | O68: PC
A69: kurotto | B69: 1 | C69: Kurotto | D69: 凝块 | E69: ==HYPERLINK(_xlfn.CONCAT("pzplus.tck.mn/db?type=",A69,"&variant=no"),IF(D69<>0,D69,A69)) -> 凝块 | F69: 3 | G69: 涂黑III | H69: 黑块间求和 | I69: 涂黑一些空格。数字表示与此格相邻的所有涂黑的连通组的总面积。 | J69: ==IF(LEN(I69)>0,LEN(I69),"") -> 30 | K69: WPC2024IB | L69: 缩略自 クロユニット(黒unit) | M69: Nikoli vol. 138 | N69: 2012 | O69: PC, Nikoli
A70: mines | B70: 1 | C70: Minesweeper | D70: 扫雷 | E70: ==HYPERLINK(_xlfn.CONCAT("pzplus.tck.mn/db?type=",A70,"&variant=no"),IF(D70<>0,D70,A70)) -> 扫雷 | F70: 3 | G70: 放置 | H70: 放置 | I70: 在一些空格里放一枚地雷。数字表示在所有与此格接触的格中的总雷数。 | J70: ==IF(LEN(I70)>0,LEN(I70),"") -> 32 | K70: WPC2024IB | L70: /
A71: nonogram | B71: 1 | C71: Nonogram | D71: 数织 | E71: ==HYPERLINK(_xlfn.CONCAT("pzplus.tck.mn/db?type=",A71,"&variant=no"),IF(D71<>0,D71,A71)) -> 数织 | F71: 3 | G71: 涂黑III | H71: 见Minesweeper | I71: 涂黑一些空格，使得盘面外的数字依次表示此行或此列中每一段连续涂黑格的长度。 | J71: ==IF(LEN(I71)>0,LEN(I71),"") -> 37 | K71: dodomos | L71: Non Ishida(本题型发明者)+diagram | M71: Non Ishida | Tetsuya Nishio | N71: 1987 | O71: PC
A72: pentatouch | B72: 1 | C72: Penta Touch | E72: ==HYPERLINK(_xlfn.CONCAT("pzplus.tck.mn/db?type=",A72,"&variant=no"),IF(D72<>0,D72,A72)) -> pentatouch | F72: 3 | G72: 放置 | H72: 放置 | I72: 把给出的形状放入盘面，使得不同形状在且仅在被标记出的格点上对角相邻。形状可以旋转或翻转。 | J72: ==IF(LEN(I72)>0,LEN(I72),"") -> 44 | K72: 改自Kissing | L72: penta-+touch
A73: batten | B73: 0.8 | C73: Battenberg Painting | D73: 双色蛋糕 | E73: ==HYPERLINK(_xlfn.CONCAT("pzplus.tck.mn/db?type=",A73,"&variant=no"),IF(D73<>0,D73,A73)) -> 双色蛋糕 | F73: 3 | G73: 涂黑III | I73: 涂黑一些格子，使得盘面外的数字表示此行或此列内涂黑格的个数。所有呈黑白相间棋盘格图案的2×2区域都已被标记。 | J73: ==IF(LEN(I73)>0,LEN(I73),"") -> 54 | K73: Aquarium + 日历译自Eric Fox | L73: 来自 Battenberg cake(双色蛋糕) | M73: Andrey Bogdanov | N73: not in src | O73: PC
A74: kissing | B74: 0.8 | C74: Kissing Polyominoes | E74: ==HYPERLINK(_xlfn.CONCAT("pzplus.tck.mn/db?type=",A74,"&variant=no"),IF(D74<>0,D74,A74)) -> kissing | F74: 3 | G74: 放置 | H74: 放置 | I74: 把给出的形状放入盘面，使得不同形状在且仅在被标记出的边界相邻。形状可以旋转或翻转。×表示此格不能被形状覆盖。 | J74: ==IF(LEN(I74)>0,LEN(I74),"") -> 54 | K74: November, 有修改 | L74: /
A75: starbattle | B75: 1 | C75: Star Battle | D75: 星战 | E75: ==HYPERLINK(_xlfn.CONCAT("pzplus.tck.mn/db?type=",A75,"&variant=no"),IF(D75<>0,D75,A75)) -> 星战 | F75: 3 | G75: 放置 | H75: 放置 | I75: 在一些格子内放置一颗星，使得每行、列、区域内的星数等于盘面外给出的数字。任意两颗星不能放在互相接触的格子内。 | J75: ==IF(LEN(I75)>0,LEN(I75),"") -> 54 | K75: WPC2024IB | L75: / | M75: Hns Eendebak | N75: 2003 | O75: PC
A76: mrtile | B76: 0.8 | C76: Mirroring Tile | D76: 复制瓦片 | E76: ==HYPERLINK(_xlfn.CONCAT("pzplus.tck.mn/db?type=",A76,"&variant=no"),IF(D76<>0,D76,A76)) -> 复制瓦片 | F76: 3 | G76: 涂黑III | H76: 黑块间全等 | I76: 涂黑一些空格。数字表示其所在的涂黑的连通组的面积。每个涂黑的连通组需要与另一个与其全等的涂黑的连通组对角相邻。 | J76: ==IF(LEN(I76)>0,LEN(I76),"") -> 55 | K76: November, 有修改 | L76: / | M76: Nikoli vol. 172 | N76: 2020 | O76: puzzlink
A77: ququ | B77: 1 | C77: Ququ | D77: 区区 | E77: ==HYPERLINK(_xlfn.CONCAT("pzplus.tck.mn/db?type=",A77,"&variant=no"),IF(D77<>0,D77,A77)) -> 区区 | F77: 3 | G77: 涂黑III | H77: 黑块间不全等 | I77: 涂黑一些格子，使得每一组连通的留白格恰好包含一个数字。数字表示其所在的留白的连通组格数。对角接触的涂黑的连通组不能以任何方式全等。 | J77: ==IF(LEN(I77)>0,LEN(I77),"") -> 65 | K77: COL译自Eric Fox | L77: 区区 | M77: Nikoli
A78: shimaguni | B78: 1 | C78: Shimaguni | D78: 岛国 | E78: ==HYPERLINK(_xlfn.CONCAT("pzplus.tck.mn/db?type=",A78,"&variant=no"),IF(D78<>0,D78,A78)) -> 岛国 | F78: 3 | G78: 涂黑III | H78: 黑块间不相等 | I78: 在每个区域内涂黑恰好一组连通的格子，使得不同区域内涂黑的连通组不相邻。数字表示区域内涂黑格的个数。相邻区域内涂黑格的个数不能相同。 | J78: ==IF(LEN(I78)>0,LEN(I78),"") -> 65 | K78: WPC2024IB, 有删改 | L78: 島国 | M78: Nikoli vol. 117 | N78: 2006 | O78: PC, Nikoli
A79: tents | B79: 1 | C79: Tents | D79: 帐篷 | E79: ==HYPERLINK(_xlfn.CONCAT("pzplus.tck.mn/db?type=",A79,"&variant=no"),IF(D79<>0,D79,A79)) -> 帐篷 | F79: 3 | G79: 放置 | H79: 放置 | I79: 在盘面中的每颗树相邻的格子之一放置一顶帐篷。任意两顶帐篷不能放在同一格或者互相接触的格子内。盘面外的数字表示此行或此列内帐篷的个数。 | J79: ==IF(LEN(I79)>0,LEN(I79),"") -> 66 | K79: WPC2024IB | L79: / | M79: Leon Balmaekers | N79: 1989 | O79: PC
A80: kuroclone | B80: 1 | C80: Kuroclone | D80: 黑块克隆 | E80: ==HYPERLINK(_xlfn.CONCAT("pzplus.tck.mn/db?type=",A80,"&variant=no"),IF(D80<>0,D80,A80)) -> 黑块克隆 | F80: 3 | G80: 涂黑III | H80: 黑块间全等 | I80: 在每个区域内涂黑恰好两组连通的格子，使得这两组格子全等且不相邻。数字格不能涂黑。涂黑格不能隔区域边界相邻。数字表示其指向的相邻格所在的涂黑格连通组的面积。 | J80: ==IF(LEN(I80)>0,LEN(I80),"") -> 77 | K80: COL译自Eric Fox | L80: 黒+clone | M80: Nikoli vol. 153 | N80: 2015 | O80: Nikoli
A81: magnets | B81: 1 | C81: Magnets | D81: 磁铁 | E81: ==HYPERLINK(_xlfn.CONCAT("pzplus.tck.mn/db?type=",A81,"&variant=no"),IF(D81<>0,D81,A81)) -> 磁铁 | F81: 3 | G81: 放置 | H81: 放置 | I81: 在主盘面内一些两格的区域里放置一个加号和一个减号（每格一个符号），使得任意两个相邻的格子里不包含相同的符号。盘面外的数字表示此行或此列内加号或减号的个数。 | J81: ==IF(LEN(I81)>0,LEN(I81),"") -> 77 | K81: WPC2024IB | L81: / | M81: Jaroslav Müller | N81: 2001 | O81: PC
A82: gaps | B82: 0 | C82: Gaps | D82: 空隙 | E82: ==HYPERLINK(_xlfn.CONCAT("pzplus.tck.mn/db?type=",A82,"&variant=no"),IF(D82<>0,D82,A82)) -> 空隙 | F82: 3 | G82: 放置 | H82: 放置 | I82: 在一些格子里放置一颗星，使得每行和每列都分别有两颗星。任意两颗星不能放在互相接触的格子内。盘面外的数字表示此行或此列内两颗星之间的空格数（不包括两颗星本身）。 | J82: ==IF(LEN(I82)>0,LEN(I82),"") -> 79 | K82: WPC2024IB | L82: / | M82: Erich Friedman | N82: 2010 | O82: PC
A83: cocktail | B83: 1 | C83: Cocktail Lamp | D83: 鸡尾酒灯 | E83: ==HYPERLINK(_xlfn.CONCAT("pzplus.tck.mn/db?type=",A83,"&variant=no"),IF(D83<>0,D83,A83)) -> 鸡尾酒灯 | F83: 3 | G83: 涂黑III | H83: 黑块对角连通 | I83: 在每个区域内涂黑至多一组连通的格子，使得不同区域内涂黑的连通组不相邻。数字表示区域内涂黑格的个数。所有涂黑格必须对角连通成一个整体。不能有全部涂黑的2×2结构。 | J83: ==IF(LEN(I83)>0,LEN(I83),"") -> 80 | K83: WPC2024IB, 有删改 | L83: 讹变自 角てるランプ(角てるlump)
A84: pentopia | B84: 1 | C84: Pentopia | D84: 近视五格 | E84: ==HYPERLINK(_xlfn.CONCAT("pzplus.tck.mn/db?type=",A84,"&variant=no"),IF(D84<>0,D84,A84)) -> 近视五格 | F84: 3 | G84: 放置 | H84: 放置 | I84: 把给出的形状中的一部分（不一定是全部）放入盘面，使得任意两个形状不接触（对角接触也不行）。有箭头的格子不能被覆盖。格子里的箭头指向所有横竖方向中离此格最近的被覆盖的格子。 | J84: ==IF(LEN(I84)>0,LEN(I84),"") -> 85 | K84: WPC2024IB, 增加一句 | L84: pentomino+myopia | M84: Bram de Laat | N84: 2011 | O84: PC
A85: tawa | B85: 1 | C85: Tawamurenga | D85: 砖墙 | E85: ==HYPERLINK(_xlfn.CONCAT("pzplus.tck.mn/db?type=",A85,"&variant=no"),IF(D85<>0,D85,A85)) -> 砖墙 | F85: 3 | G85: 涂黑III | I85: 涂黑一些格子，使得没有同一行内连续三个格子都被涂黑。每个涂黑格（只要它不在最后一行）的下面至少有另一个涂黑格。数字格不能涂黑。数字表示与之相邻的（至多）六格中涂黑格的个数。 | J85: ==IF(LEN(I85)>0,LEN(I85),"") -> 86 | K85: COL译自Eric Fox | L85: 戯れ(玩耍)+レンガ(=煉瓦, 砖) | M85: Nikoli vol. 127 | N85: 2009 | O85: Nikoli
A86: dosufuwa | B86: 1 | C86: Dosun-Fuwari | D86: 气球铅球 | E86: ==HYPERLINK(_xlfn.CONCAT("pzplus.tck.mn/db?type=",A86,"&variant=no"),IF(D86<>0,D86,A86)) -> 气球铅球 | F86: 3 | G86: 放置 | H86: 放置 | I86: 在每个区域中放置一个气球（○）和一个铅球（●）。铅球只能放在盘面的底部，黑色单元格的上面，或者另一个铅球的上面。气球只能放在盘面的顶部，黑色单元格的下面，或者另一个气球的下面。 | J86: ==IF(LEN(I86)>0,LEN(I86),"") -> 88 | K86: COL译自Eric Fox | L86: ドッスン(=砰!)+ふわり(=轻飘飘~) | M86: Nikoli vol. 151 | N86: 2015 | O86: Nikoli
A87: stostone | B87: 1 | C87: Stostone | D87: 垒石 | E87: ==HYPERLINK(_xlfn.CONCAT("pzplus.tck.mn/db?type=",A87,"&variant=no"),IF(D87<>0,D87,A87)) -> 垒石 | F87: 3 | G87: 涂黑III | H87: 黑块间求和 | I87: 在每个区域内涂黑恰好一组连通的格子，使得不同区域内涂黑的连通组不相邻。数字表示区域内涂黑格的个数。如果每一组涂黑格（像一块石头一样）不改变形状地垂直下落，它们必须恰好覆盖盘面的下半部分。 | J87: ==IF(LEN(I87)>0,LEN(I87),"") -> 93 | K87: WPC2024IB | L87: 缩略自 stone+stone | M87: Nikoli vol. 156 | N87: 2016 | O87: Nikoli
A88: statuepark | B88: 1 | C88: Statue Park | D88: 雕像公园 | E88: ==HYPERLINK(_xlfn.CONCAT("pzplus.tck.mn/db?type=",A88,"&variant=no"),IF(D88<>0,D88,A88)) -> 雕像公园 | F88: 3 | G88: 放置 | H88: 放置 | I88: 把给出的形状放入盘面，使得任意两个形状不重叠也不相邻（但可以对角接触），而且剩下的没有被覆盖的格子连通成一个整体。形状可以旋转或翻转。有黑圈的格子必须被某个形状覆盖，而有白圈的格子不能被覆盖。 | J88: ==IF(LEN(I88)>0,LEN(I88),"") -> 96 | K88: WPC2024IB | L88: / | M88: Palmer Mebane | N88: 2011 | O88: PC
A89: akari | B89: 1 | C89: Akari | D89: 美术馆 | E89: ==HYPERLINK(_xlfn.CONCAT("pzplus.tck.mn/db?type=",A89,"&variant=no"),IF(D89<>0,D89,A89)) -> 美术馆 | F89: 3 | G89: 放置 | H89: 放置 | I89: 在一些空格内放置一个灯泡，以照亮所有空格。格子里的灯泡可以照亮所有从此格横竖能够直接连接到且不被黑格阻挡的空格，包括此格本身。任意两个灯泡不能互相照亮。黑格里的数字表示与之相邻的（至多）四格中的灯泡个数。 | J89: ==IF(LEN(I89)>0,LEN(I89),"") -> 102 | K89: WPC2024IB | L89: 灯 | M89: Nikoli vol. 95 | N89: 2001 | O89: PC, Nikoli
A90: battleship | B90: 1 | C90: Battleships | D90: 战舰 | E90: ==HYPERLINK(_xlfn.CONCAT("pzplus.tck.mn/db?type=",A90,"&variant=no"),IF(D90<>0,D90,A90)) -> 战舰 | F90: 3 | G90: 放置 | H90: 放置 | I90: 把给出的形状（代表船）放入盘面，使得任意两条船不重叠也不接触。盘面外的数字表示此行或此列内有船的格数。有一些船的部分可能已经在盘面里给出，其中所有不和其他船格相邻的角用圆角表示。水波符号表示此格不能有船。 | J90: ==IF(LEN(I90)>0,LEN(I90),"") -> 102 | K90: WPC2024IB | L90: / | M90: Jaime Poniachik | N90: 1982 | O90: PC
A91: pencils | B91: 1 | C91: Pencils | D91: 铅笔 | E91: ==HYPERLINK(_xlfn.CONCAT("pzplus.tck.mn/db?type=",A91,"&variant=no"),IF(D91<>0,D91,A91)) -> 铅笔 | F91: 3 | G91: 放置 | H91: 放置 | I91: 在盘面中放入一些铅笔。一根铅笔依次由一个1×N的笔杆、一个1×1的笔头、一条从笔尖开始，由N个单位线段相连而成的笔迹构成。铅笔（包括它们的笔迹）必须互不重叠地覆盖盘面上的所有格子。数字必须位于笔杆内，并且表示笔杆的长度。 | J91: ==IF(LEN(I91)>0,LEN(I91),"") -> 110 | K91: COL译自Eric Fox | L91: / | M91: Nikoli vol. 158 | N91: 2017 | O91: Nikoli
A92: evolmino | B92: 1 | C92: Evolmino | D92: 生长方块 | E92: ==HYPERLINK(_xlfn.CONCAT("pzplus.tck.mn/db?type=",A92,"&variant=no"),IF(D92<>0,D92,A92)) -> 生长方块 | F92: 3 | G92: 涂黑III | H92: 黑块间做差 | I92: 在一些空格内填入正方形，使得每一组连通的正方形都恰有一个正方形位于一条箭头上。每条箭头经过至少两组这样的连通正方形。在一条箭头上，每一组正方形（若不是第一组）必须与前一组形状完全相同（不允许旋转或翻转），并且再多出一个正方形。 | J92: ==IF(LEN(I92)>0,LEN(I92),"") -> 113 | K92: COL译自Eric Fox | L92: evolve+-omino | M92: Nikoli
A93: interbd | B93: 1 | C93: International Borders | D93: 国界线 | E93: ==HYPERLINK(_xlfn.CONCAT("pzplus.tck.mn/db?type=",A93,"&variant=no"),IF(D93<>0,D93,A93)) -> 国界线 | F93: 3 | G93: 涂黑III | H93: 黑块们界定区域 | I93: 涂黑一些格子，使得每个留白的连通组都包含且仅包含某一种颜色的所有提示。提示格不能涂黑。数字表示与此格相邻的（至多）四格中涂黑格的个数。每个涂黑格必须至少和两个留白的连通组相邻（也就是说，每个涂黑格都是某条“国界线”的一部分）。 | J93: ==IF(LEN(I93)>0,LEN(I93),"") -> 113 | K93: COL译自puzzlink | L93: / | M93: Palmer Mebane | N93: 2009 | O93: PC
A94: tren | B94: 1 | C94: Tren | D94: 停车场 | E94: ==HYPERLINK(_xlfn.CONCAT("pzplus.tck.mn/db?type=",A94,"&variant=no"),IF(D94<>0,D94,A94)) -> 停车场 | F94: 3 | G94: 放置 | H94: 放置 | I94: 在盘面里放置一些互不重叠的1×2或1×3的长方形（表示车）。每辆车必须恰好包含一个数字，而每个数字也必须被一辆车覆盖。每辆车可以按照与它的两条长边平行的方向移动。车里的数字表示这辆车在不和其他车重叠的情况下可以前后移动的总格数。 | J94: ==IF(LEN(I94)>0,LEN(I94),"") -> 114 | K94: WPC2024IB, 有修改 | L94: (Turkish) tren = train | M94: Shinichi Aoki | N94: 2006 | O94: PC
A95: chainedb | B95: 1 | C95: Chained Block | D95: 区块链 | E95: ==HYPERLINK(_xlfn.CONCAT("pzplus.tck.mn/db?type=",A95,"&variant=no"),IF(D95<>0,D95,A95)) -> 区块链 | F95: 3 | G95: 涂黑III | H95: 黑块间不全等 | I95: 涂黑一些格子，使得每个涂黑的连通组恰好包含一个数字。数字表示其所在的涂黑的连通组的面积，问号可以表示任意数字。多个对角接触的涂黑连通组构成“链”，每个涂黑连通组都必须是某个“链”的一部分。同一个“链“中的两个涂黑连通组不能以任何方式全等。 | J95: ==IF(LEN(I95)>0,LEN(I95),"") -> 119 | K95: November, COL | L95: / | M95: Nikoli
A96: martini | B96: 1 | C96: Martini | D96: 马提尼 | E96: ==HYPERLINK(_xlfn.CONCAT("pzplus.tck.mn/db?type=",A96,"&variant=no"),IF(D96<>0,D96,A96)) -> 马提尼 | F96: 3 | G96: 涂黑III | H96: 黑块对角连通 | I96: 在每个区域内涂黑至多一组连通的格子，使得不同区域内涂黑的连通组不相邻。所有涂黑格必须对角连通成一个整体。有黑圈的格子必须涂黑，有白圈的格子必须留白。白圈里的数字表示其所在的留白的连通组中的白圈个数，包括自身（这个连通组可能横跨多个区域）。 | J96: ==IF(LEN(I96)>0,LEN(I96),"") -> 119 | K96: WPC2024IB | L96: Cocktail Lamp 的派生, 黑圈形似橄榄
A97: kinkonkan | B97: 1 | C97: Kin-Kon-Kan | D97: 金刚镜 | E97: ==HYPERLINK(_xlfn.CONCAT("pzplus.tck.mn/db?type=",A97,"&variant=no"),IF(D97<>0,D97,A97)) -> 金刚镜 | F97: 3 | G97: 放置 | H97: 放置 | I97: 在一些格子内填入一条对角线（代表镜子），使得每个区域恰有一面镜子。光束从网格外的字母出发垂直射入网格，并在遇到镜子时发生反射。从某个字母出发的光束必须在另一处相同字母的位置结束。数字表示光束被镜子反射的次数。每一面镜子至少被一束光使用一次。 | J97: ==IF(LEN(I97)>0,LEN(I97),"") -> 120 | K97: COL译自puzzlink | L97: 日语拟声词
A98: moonlight | B98: 0 | C98: Moonlight | D98: 星光 | E98: ==HYPERLINK(_xlfn.CONCAT("pzplus.tck.mn/db?type=",A98,"&variant=no"),IF(D98<>0,D98,A98)) -> 星光 | F98: 3 | G98: 放置 | H98: 放置 | I98: 在一些空格内放置一颗星或一朵云，使得每行和每列内的图形数量等于盘面外给出的列表。部分格内已放入了黑色圆圈（代表行星）。格子里的星可以照亮所有从此格横竖能够直接连接到且不被其他图形阻挡的行星。当行星被照亮时，其受照亮方向的两个象限呈白色。×表示此格不放置任何图形。 | J98: ==IF(LEN(I98)>0,LEN(I98),"") -> 131 | K98: dodomos, 有修改 | L98: / | M98: Inaba Naoki | N98: not in src | O98: PC
A99: bosanowa | B99: 1 | C99: Bosanowa | D99: 邻差和 | E99: ==HYPERLINK(_xlfn.CONCAT("pzplus.tck.mn/db?type=",A99,"&variant=no"),IF(D99<>0,D99,A99)) -> 邻差和 | F99: 4 | G99: 填写 | I99: 在每个圆圈中填入一个正整数，使得每个数等于自身与横竖相邻的数之差的总和。 | J99: ==IF(LEN(I99)>0,LEN(I99),"") -> 36 | K99: COL译自Eric Fox | L99: ボサノヴァ(Bossa Nova) | M99: Nikoli vol. 119 | N99: 2007 | O99: Nikoli
A100: gokigen | B100: 1 | C100: Slant | D100: 斜线迷宫 | E100: ==HYPERLINK(_xlfn.CONCAT("pzplus.tck.mn/db?type=",A100,"&variant=no"),IF(D100<>0,D100,A100)) -> 斜线迷宫 | F100: 4 | G100: 填写 | I100: 在每个格子中画一条对角线，使得对角线不形成环。圈中的数字表示从这个圈引出的斜线数量。 | J100: ==IF(LEN(I100)>0,LEN(I100),"") -> 42 | K100: COL译自Eric Fox | L100: / | M100: Nikoli vol. 104 | N100: 2003 | O100: PC, Nikoli
...

Sheet 每日纸笔存档
B1: 日期 | D1: 类别 | E1: 链接 | F1: 作者 | G1: 时间1 | H1: 时间2 | I1: 文案
A2: 100 | B2: 45989 | C2: 五 | D2: 分区 | E2: https://pzplus.tck.mn/p?heteromino/8/8/j77777e7g7e7a7e7a7a7d7l | F2: xoned72 | G2: 1:15 | H2: 2:30 | I2: #每日谜题 (11.28) 今天是周五，每日谜题是一道【分区】题目—— Heteromino（三格拼版）：沿虚格线把盘面分成若干个三格骨牌，使得任意两个相邻的骨牌都不平移全等（也就是说，它们要么形状不同，要么朝向不同）。 题目链接：（本题作者xoned72） https://pzplus.tck.mn/p?heteromino/8/8/j77777e7g7e7a7e7a7a7d7l 在1:15内完成可以获得一束烟花🎉 在2:30内完成可以获得一朵玫瑰🌹 只要完成了就可以给自己一个赞！👍 今天是每日谜题复活以来的的第100期！
A3: 99 | B3: 45988 | C3: 四 | D3: 填写 | E3: https://pzplus.tck.mn/p?toichika/6/6/aljii4v7k47vz9 | F3: udoP_ | G3: 2:15 | H3: 4:30 | I3: #每日谜题 (11.27) 今天是周四，每日谜题是一道【填写】题目—— Toichika（山盟海誓）：在每个区域中放置一个箭头（↑ ↓ ← → 之一）。每个箭头都和另一个箭头配对，它们相互指向，它们之间不能有其他箭头。配对箭头所属的区域不能有公共边界。 题目链接：（本题作者udoP_） https://pzplus.tck.mn/p?toichika/6/6/aljii4v7k47vz9 在2:15内完成可以获得一束烟花🎉 在4:30内完成可以获得一朵玫瑰🌹 只要完成了就可以给自己一个赞！👍
A4: 98 | B4: 45987 | C4: 三 | D4: 涂黑III/放置 | E4: https://pzplus.tck.mn/p?martini/10/10/47774uftc6nuf4sss4fs6e09n6c6cti0ec7u3h0i0g0i2j.i3l0m.i0v.i.m0l.i2j0i0g0i.h3 | F4: djmathman | G4: 3:30 | H4: 7:00 | I4: #每日谜题 (11.26) 今天是周三，每日谜题是一道【涂黑III】题目—— Martini（马提尼）：在每个区域内涂黑至多一组连通的格子，使得不同区域内涂黑的连通组不相邻。所有涂黑格必须对角连通成一个整体。有黑圈的格子必须涂黑，有白圈的格子必须留白。白圈里的数字表示其所在的留白的连通组中的白圈个数，包括自身（这个连通组可能横跨多个区域）。 题目链接：（本题作者djmathman） https://pzplus.tck.mn/p?martini/10/10/47774uftc6nuf4sss4fs6e09n6c6cti0ec7u3h0i0g0i2j.i3l0m.i0v.i.m0l.i2j0i0g0i.h3 在3:30内完成可以获得一束烟花🎉 在7:00内完成可以获得一朵玫瑰🌹 只要完成了就可以给自己一个赞！👍 词源：Cocktail Lamp 的派生, 黑圈形似橄榄
A5: 97 | B5: 45986 | C5: 二 | D5: 涂黑II | E5: https://pzplus.tck.mn/p?box/6/6/7a5f7dbj7d98 | F5: 墨矾 | G5: 1:30 | H5: 3:00 | I5: #每日谜题 (11.25) 今天是周二，每日谜题是一道【涂黑II】题目—— Box/Kakurasu（方阵和）：涂黑一些空格，使得盘面外的数字等于此行或此列中涂黑格所在列号或行号（盘面外圆圈内的数字）的和。 题目链接：（本题作者墨矾） https://pzplus.tck.mn/p?box/6/6/7a5f7dbj7d98 在1:30内完成可以获得一束烟花🎉 在3:00内完成可以获得一朵玫瑰🌹 只要完成了就可以给自己一个赞！👍
A6: 96 | B6: 45985 | C6: 一 | D6: 涂黑I | E6: https://pzplus.tck.mn/p?cave/9/9/g2g2h3p32g2i3l6i3o5i6l5i4g45p5h4g4g | F6: Matej Uher from 22nd 24HPC | G6: 3:00 | H6: 6:00 | I6: #每日谜题 (11.24) 今天是周一，每日谜题是一道【涂黑I】题目—— Cave（山洞）：涂黑一些格子，使得所有涂黑的格子都能沿涂黑格横竖连通到盘面边界，且留白的格子连通成一个整体。数字必须在留白格里，并表示此格横竖能够直接连接到且不被涂黑格阻挡的留白格个数，包括此格本身。 题目链接：（本题作者Matej Uher from 22nd 24HPC） https://pzplus.tck.mn/p?cave/9/9/g2g2h3p32g2i3l6i3o5i6l5i4g45p5h4g4g 在3:00内完成可以获得一束烟花🎉 在6:00内完成可以获得一朵玫瑰🌹 只要完成了就可以给自己一个赞！👍
A7: 95 | B7: 45984 | C7: 日 | D7: 回路II/路径II | E7: https://pzprxs.vercel.app/p?kurarin/10/10/pcg2g8ch8g1o1h8g8j1n1icg8h1q2h4k22l8g22h8k22lcg2q3i8g4h3n3k8g8g3o3h8h482h4p | F7: dodomos | G7: 3:00 | H7: 6:00 | I7: #每日谜题 (11.23) 今天是周日，每日谜题是一道【回路II】题目—— Kurarin（比例回路）：在盘面内涂黑一些格子，使得留白的格子形成一条横平竖直不交叉的回路。盘面内的点提示了周围两格或者四格中涂黑格和留白格哪种更多：白色表示留白格更多，黑色表示涂黑格更多，灰色表示涂黑格和留白格一样多。 题目链接：（本题作者dodomos） https://pzprxs.vercel.app/p?kurarin/10/10/pcg2g8ch8g1o1h8g8j1n1icg8h1q2h4k22l8g22h8k22lcg2q3i8g4h3n3k8g8g3o3h8h482h4p 在3:00内完成可以获得一束烟花🎉 在6:00内完成可以获得一朵玫瑰🌹 只要完成了就可以给自己一个赞！👍 提示：pzprxs的访问可能需要科学上网。
A8: 94 | B8: 45983 | C8: 六 | D8: 回路I/路径I | E8: https://pzplus.tck.mn/p?nagare/10/10/d9a4d9d5a7b4a9g5e7e2a5c76c5g6e5g8d6a5d8d3a8d | F8: niwabee10 | G8: 3:00 | H8: 6:00 | I8: #每日谜题 (11.22) 今天是周六，每日谜题是一道【回路I】题目—— Nagereru-Loop（吹风机回路）：画一条横平竖直地经过一些白格中心且不和自身交叉的有向回路。回路不能经过黑格。回路必须按箭头方向穿过所有带黑色箭头的白格，不能在格内转弯。带白色箭头的黑格代表风扇，会沿箭头方向吹风直到下一个黑格为止。在这些受风影响的白格中，回路不得逆风前进，并且一旦进入受风影响的格子，必须立即按照风向转向，前进至少一格。 题目链接：（本题作者niwabee10） https://pzplus.tck.mn/p?nagare/10/10/d9a4d9d5a7b4a9g5e7e2a5c76c5g6e5g8d6a5d8d3a8d 在3:00内完成可以获得一束烟花🎉 在6:00内完成可以获得一朵玫瑰🌹 只要完成了就可以给自己一个赞！👍
A9: 93 | B9: 45982 | C9: 五 | D9: 分区 | E9: https://pzplus.tck.mn/p?kramma/c/7/7/b026c6aib232il10i | F9: Andrey Bogdanov | G9: 1:15 | H9: 2:30 | I9: #每日谜题 (11.21) 今天是周五，每日谜题是一道【分区】题目—— KaitoRamma（快刀乱麻）：沿虚格线把盘面分成若干个区域，其中每一条分割线必须完全横平竖直，且两端都在盘面边界上。每个区域至少包含一个圆圈，而且所有同一区域的圆圈必须同色。 题目链接：（本题作者Andrey Bogdanov） https://pzplus.tck.mn/p?kramma/c/7/7/b026c6aib232il10i 在1:15内完成可以获得一束烟花🎉 在2:30内完成可以获得一朵玫瑰🌹 只要完成了就可以给自己一个赞！👍
A10: 92 | B10: 45981 | C10: 四 | D10: 填写 | E10: https://pzplus.tck.mn/p?goishi/9/9/vvnf5cnbtrnqvrvvg | F10: パリパリバー教団 | G10: 1:00 | H10: 2:00 | I10: #每日谜题 (11.20) 今天是周四，每日谜题是一道【填写】题目—— Goishi（捡棋子）：从1开始在每颗棋子上标数，代表捡走棋子的顺序。连续两个被捡走的棋子必须同行或同列，且中间不能有未捡的棋子。捡棋子的过程中不允许180°掉头。 题目链接：（本题作者パリパリバー教団） https://pzplus.tck.mn/p?goishi/9/9/vvnf5cnbtrnqvrvvg 在1:00内完成可以获得一束烟花🎉 在2:00内完成可以获得一朵玫瑰🌹 只要完成了就可以给自己一个赞！👍
A11: 91 | B11: 45980 | C11: 三 | D11: 涂黑III/放置 | E11: https://pzplus.tck.mn/p?cocktail/10/10/gi94a8khp3i70e0s1oc0vu00vu00ue00uf0044444044234444 | F11: nisimuku_sen | G11: 2:00 | H11: 4:00 | I11: #每日谜题 (11.19) 今天是周三，每日谜题是一道【涂黑III】题目—— Cocktail Lamp（鸡尾酒灯）：在每个区域内涂黑至多一组连通的格子，使得不同区域内涂黑的连通组不相邻。数字表示区域内涂黑格的个数。所有涂黑格必须对角连通成一个整体。不能有全部涂黑的2×2结构。 题目链接：（本题作者nisimuku_sen） https://pzplus.tck.mn/p?cocktail/10/10/gi94a8khp3i70e0s1oc0vu00vu00ue00uf0044444044234444 在2:00内完成可以获得一束烟花🎉 在4:00内完成可以获得一朵玫瑰🌹 只要完成了就可以给自己一个赞！👍
A12: 90 | B12: 45979 | C12: 二 | D12: 涂黑II | E12: https://pzplus.tck.mn/p?lookair/10/10/1d3x1g4m0a1b1e3c1h2m2h2 | F12: RS_Puzzling | G12: 3:30 | H12: 7:00 | I12: #每日谜题 (11.18) 今天是周二，每日谜题是一道【涂黑II】题目—— Look-Air（观云）：涂黑一些格子，使得每一组涂黑的连通组都是正方形。在每行和每列内，任意两个仅由（至少一个）留白格分隔的涂黑格不能在两个全等的正方形里（也就是说任意两个全等的正方形都不能在对方的“视线”内）。数字表示此格以及与其相邻的（至多）四格中涂黑格的个数。 题目链接：（本题作者RS_Puzzling） https://pzplus.tck.mn/p?lookair/10/10/1d3x1g4m0a1b1e3c1h2m2h2 在3:30内完成可以获得一束烟花🎉 在7:00内完成可以获得一朵玫瑰🌹 只要完成了就可以给自己一个赞！👍
A13: 89 | B13: 45978 | C13: 一 | D13: 涂黑I | E13: https://pzplus.tck.mn/p?guidearrow/8/8/11pepcpehcpdm | F13: TealsPuzzles | G13: 2:00 | H13: 4:00 | I13: #每日谜题 (11.17) 今天是周一，每日谜题是一道【涂黑I】题目—— Guide Arrow（指引箭头）：涂黑一些格子，使得涂黑的格子之间不相邻，且留白的格子连通成一个整体。留白格不能形成回路（包括2×2结构）。箭头表示从这一格出发，在不经过涂黑格也不倒退的情况下，能够走到星星的路径的唯一方向。 题目链接：（本题作者TealsPuzzles） https://pzplus.tck.mn/p?guidearrow/8/8/11pepcpehcpdm 在2:00内完成可以获得一束烟花🎉 在4:00内完成可以获得一朵玫瑰🌹 只要完成了就可以给自己一个赞！👍
... A87: 15 | B87: 45904 | C87: 四 | D87: 填写 | E87: https://pzplus.tck.mn/p?makaro/8/8/5evelrlbnungu9vdetdurdh0oejejck2idjbi2kbjejbo | F87: トクナキラ | G87: 2:30 | H87: 5:00 | I87: #每日谜题 (9.4) 今天是周四，每日谜题是一道【填写】题目—— Makaro（极大箭头）：在每个空格里填一个数，使得每个区域里包含数字1~N，其中N是这个区域的总格数。相邻的格子里不能填相同的数字。黑格里的箭头必须指向所有与此格相邻的数字中唯一最大的一个。 题目链接：（本题作者トクナキラ） https://pzplus.tck.mn/p?makaro/8/8/5evelrlbnungu9vdetdurdh0oejejck2idjbi2kbjejbo 在2:30内完成可以获得一束烟花🎉 在5:00内完成可以获得一朵玫瑰🌹 只要完成了就可以给自己一个赞！👍 触屏用户建议勾选Input numbers by panel方便填写
A88: 14.02 | B88: 45903 | C88: 三 | D88: 涂黑III/放置
A89: 14.01 | B89: 45902 | C89: 二 | D89: 涂黑II
A90: 14 | B90: 45901 | C90: 一 | D90: 涂黑I | E90: https://pzplus.tck.mn/p?creek/10/10/icm22167cg87do7dg8ckcg77cg38ck8166dibh77c88cp | F90: tibisukemaru | G90: 2:30 | H90: 5:00 | I90: #每日谜题 (9.1) 今天是周一，每日谜题是一道【涂黑I】题目—— Creek（溪流）：涂黑一些格子，使得留白的格子连通成一个整体。圆圈里的数字表示接触此顶点的涂黑格数。 题目链接：（本题作者tibisukemaru） https://pzplus.tck.mn/p?creek/10/10/icm22167cg87do7dg8ckcg77cg38ck8166dibh77c88cp 在2:30内完成可以获得一束烟花🎉 在5:00内完成可以获得一朵玫瑰🌹 只要完成了就可以给自己一个赞！👍
A91: 13 | B91: 45900 | C91: 日 | D91: 回路II/路径II | E91: https://puzz.link/p?simpleloop/v:/10/10/000064040000005k0000 | F91: Eric Fox | G91: 2:15 | H91: 4:30 | I91: #每日谜题 (8.31) 今天是周日，每日谜题是一道【回路II】题目—— Simpleloop (Short)（简单回路（短线段））：画一条横平竖直地经过所有空格中心且不和自身交叉的回路。 【⚠️变种题型规则：回路不能有线段长度超过两个单元格边长。】 题目链接：（本题作者Eric Fox） https://puzz.link/p?simpleloop/v:/10/10/000064040000005k0000 在2:15内完成可以获得一束烟花🎉 在4:30内完成可以获得一朵玫瑰🌹 只要完成了就可以给自己一个赞！👍
A92: 12 | B92: 45899 | C92: 六 | D92: 回路I/路径I | E92: https://pzplus.tck.mn/p?castle/10/10/f00.g231g141d141b022d042g241d212b112d141g042d022b241d241g131g00.f | F92: brokensign | G92: 3:00 | H92: 6:00 | I92: #每日谜题 (8.30) 今天是周六，每日谜题是一道【回路I】题目—— Castle Wall（城堡墙）：画一条横平竖直地经过一些空格中心且不和自身交叉的回路。黑格或白格内带箭头的数字表示从此格开始按照这个方向的所有直线段的总长度。有这些提示数的黑格必须在回路外，白格必须在回路内。 题目链接：（本题作者brokensign） https://pzplus.tck.mn/p?castle/10/10/f00.g231g141d141b022d042g241d212b112d141g042d022b241d241g131g00.f 在3:00内完成可以获得一束烟花🎉 在6:00内完成可以获得一朵玫瑰🌹 只要完成了就可以给自己一个赞！👍
A93: 11 | B93: 45898 | C93: 五 | D93: 分区 | E93: https://pzplus.tck.mn/p?fivecells/10/10/2b23n1a2c11a2a13f1m1c1g1b2c33b2b22e3e2a2f | F93: bachelor seal | G93: 3:00 | H93: 6:00 | I93: #每日谜题 (8.29) 今天是周五，每日谜题是一道【分区】题目—— FiveCells（五格分区）：沿虚格线把盘面分成若干个五格骨牌。数字表示此格中是区域边界的边数。 题目链接：（本题作者bachelor seal） https://pzplus.tck.mn/p?fivecells/10/10/2b23n1a2c11a2a13f1m1c1g1b2c33b2b22e3e2a2f 在3:00内完成可以获得一束烟花🎉 在6:00内完成可以获得一朵玫瑰🌹 只要完成了就可以给自己一个赞！👍
A94: 10 | B94: 45897 | C94: 四 | D94: 填写 | E94: https://pzplus.tck.mn/p?putteria/10/10/65d7ku76djcsktimkjdu5c3mrrmib65tsi6kzzzzz | F94: 伊香湾 | G94: 5:30 | H94: 11:00 | I94: #每日谜题 (8.28) 今天是周四，每日谜题是一道【填写】题目—— Putteria：给每个粗线围成区域的其中一格填上等于该区域面积的数字。填有数字的格子不能有公共边，每行和每列不能有重复数字。 题目链接：（本题作者伊香湾） https://pzplus.tck.mn/p?putteria/10/10/65d7ku76djcsktimkjdu5c3mrrmib65tsi6kzzzzz 在5:30内完成可以获得一束烟花🎉 在11:00内完成可以获得一朵玫瑰🌹 只要完成了就可以给自己一个赞！👍
A95: 9 | B95: 45896 | C95: 三 | D95: 涂黑III/放置 | E95: https://pzplus.tck.mn/p?starbattle/10/10/2/10rhmcugkogd6dhn124806r6e98omedacg2c | F95: djmathman | G95: 5:00 | H95: 10:00 | I95: #每日谜题 (8.27) 今天是周三，每日谜题是一道【放置】题目—— Star Battle（星战）：在一些格子内放置一颗星，使得每行、列、区域内的星数等于盘面外给出的数字。任意两颗星不能放在互相接触的格子内。 题目链接：（本题作者djmathman） https://pzplus.tck.mn/p?starbattle/10/10/2/10rhmcugkogd6dhn124806r6e98omedacg2c 在5:00内完成可以获得一束烟花🎉 在10:00内完成可以获得一朵玫瑰🌹 只要完成了就可以给自己一个赞！👍
A96: 8 | B96: 45895 | C96: 二 | D96: 涂黑II | E96: https://pzplus.tck.mn/p?norinori/10/10/1c6nlmpdjhc1419951u2f2iv0uf5vqvmvt5u | F96: bachelor seal | G96: 3:15 | H96: 6:30 | I96: #每日谜题 (8.26) 今天是周二，每日谜题是一道【涂黑II】题目—— Norinori（海苔）：在每个区域内涂黑恰好两格，使得每一组涂黑的连通组恰好有两格。 题目链接：（本题作者bachelor seal） https://pzplus.tck.mn/p?norinori/10/10/1c6nlmpdjhc1419951u2f2iv0uf5vqvmvt5u 在3:15内完成可以获得一束烟花🎉 在6:30内完成可以获得一朵玫瑰🌹 只要完成了就可以给自己一个赞！👍
A97: 7 | B97: 45894 | C97: 一 | D97: 涂黑I | E97: https://pzplus.tck.mn/p?nurikabe/10/10/s8p6l6j4g5g7i3zi3zk7k | F97: tibisukemaru | G97: 1:15 | H97: 2:30 | I97: #每日谜题 (8.25) 今天是周一，每日谜题是一道【涂黑I】题目—— Nurikabe（数墙）：涂黑一些空格，使得所有涂黑的格子连通成一个整体，且没有全部涂黑的2×2结构。每一组连通的留白格必须恰好包含一个数字。数字表示其所在的留白的连通组格数。 题目链接：（本题作者tibisukemaru） https://pzplus.tck.mn/p?nurikabe/10/10/s8p6l6j4g5g7i3zi3zk7k 在1:15内完成可以获得一束烟花🎉 在3:30内完成可以获得一朵玫瑰🌹 只要完成了就可以给自己一个赞！👍
A98: 6 | B98: 45893 | C98: 日 | D98: 回路II/路径II | E98: https://pzplus.tck.mn/p?koburin/b/10/10/.kau.tcbrccrcuci./ | F98: @bakpao_puz | G98: 2:30 | H98: 4:30 | I98: #每日谜题 (8.24) 今天是周日，每日谜题是一道【回路II】题目—— Koburin（仙人指邻）：画一条横平竖直地经过一些空格中心且不和自身交叉的回路，并把未经过的空格涂黑。涂黑的格子不能相邻。数字表示和此格相邻的黑格数。 题目链接：（本题作者@bakpao_puz） https://pzplus.tck.mn/p?koburin/b/10/10/.kau.tcbrccrcuci./ 在2:30内完成可以获得一束烟花🎉 在4:30内完成可以获得一朵玫瑰🌹 只要完成了就可以给自己一个赞！👍
A99: 5 | B99: 45892 | C99: 六 | D99: 回路I/路径I | E99: https://pzplus.tck.mn/p?slalom/d/17/17/e14271331417241418161516251526271415251615192f13341313331314152j151314141333331718241624171314261428172814133427261a15131713331524171526252c1414152iu2b4c3c4d3dg1bzk/0 | F99: bachelor seal | G99: 3:00 | H99: 6:00 | I99: #每日谜题 (8.23) 今天是周六，每日谜题是一道【回路I】题目—— Slalom（巡行通关）：画一条横平竖直地经过一些白格中心且不和自身交叉的有向回路，其中起点和终点都在圆圈的格子。回路必须直行通过每个用粗虚线标记的“关卡”恰好一次。黑格里带数字的箭头表示回路从圆圈出发后经过其指向的关卡的次序。盘面中的总关卡数在圈内给出。 题目链接：（本题作者bachelor seal） https://pzplus.tck.mn/p?slalom/d/17/17/e14271331417241418161516251526271415251615192f13341313331314152j151314141333331718241624171314261428172814133427261a15131713331524171526252c1414152iu2b4c3c4d3dg1bzk/0 在3:30内完成可以获得一束烟花🎉 在7:00内完成可以获得一朵玫瑰🌹 只要完成了就可以给自己一个赞！👍
A100: 4 | B100: 45891 | C100: 五 | D100: 分区 | E100: https://pzplus.tck.mn/p?dbchoco/10/10/0usususu0000f7f7f7f0g4w6i4s2h1zp5r6q3i | F100: Yu-ri | G100: 2:15 | H100: 4:30 | I100: #每日谜题 (8.22) 今天是周五，每日谜题是一道【分区】题目—— Double Choco（双巧克力）：沿虚格线把盘面分成若干个区域，使得每个区域里恰有一组连通的灰格和一组连通的白格，而且两组格子相邻且全等。数字表示其所在区域中一个连通组的面积（也就是区域总面积的一半）。 题目链接：（本题作者Yu-ri） https://pzplus.tck.mn/p?dbchoco/10/10/0usususu0000f7f7f7f0g4w6i4s2h1zp5r6q3i 在2:15内完成可以获得一束烟花🎉 在4:30内完成可以获得一朵玫瑰🌹 只要完成了就可以给自己一个赞！👍
A101: 3 | B101: 45890 | C101: 四 | D101: 填写 | E101: https://pzplus.tck.mn/p?wagiri/7/7/u62em3dido6cg2cmg1a1l2j2o | F101: bachelor seal | G101: 1:45 | H101: 3:30 | I101: #每日谜题 (8.21) 今天是周四，每日谜题是一道【填写】题目—— Wagiri（斜线(环和切)）：在每个方格中画一条对角线，使得圈中数字等于从该顶点引出的斜线数。标有“轮”的格子必须位于至少一个环上，标有“切”的格子不能位于环上。 题目链接：（本题作者bachelor seal） https://pzplus.tck.mn/p?wagiri/7/7/u62em3dido6cg2cmg1a1l2j2o 在1:45内完成可以获得一束烟花🎉 在3:30内完成可以获得一朵玫瑰🌹 只要完成了就可以给自己一个赞！👍
... A103: 1 | B103: 45888 | C103: 二 | D103: 涂黑II | E103: https://pzplus.tck.mn/p?lightshadow/7/7/k1haq11g1gagaaq1hak | F103: ihnnpuzzles | G103: 2:00 | H103: 4:00 | I103: #每日谜题 (8.19) Midloop（中点回路）：画一条横平竖直地经过一些格子中心且不和自身交叉的回路。回路必须笔直经过所有黑点，而且每个黑点必须是其所在的直线段的中点。 题目链接：（本题作者bachelor seal） https://pzplus.tck.mn/p?midloop/10/10/jfzpdfzs7fgfibfwfgfzzw7fzzi9ffzkfvfo 在2:30内完成可以获得一束烟花🎉 在4:00内完成可以获得一朵玫瑰🌹 只要完成了就可以给自己一个赞！👍 好久不见，每日谜题回来啦！
